<?xml version="1.0" encoding="UTF-8"?>
<record_update sys_domain="global" table="sys_script_client">
    <sys_script_client action="INSERT_OR_UPDATE">
        <active>true</active>
        <applies_extended>false</applies_extended>
        <condition/>
        <description/>
        <field>u_project_id</field>
        <global>true</global>
        <messages/>
        <name>(FRU) Fill project data</name>
        <order/>
        <script><![CDATA[function onChange(control, oldValue, newValue, isLoading, isTemplate) {
   try {
      if(isLoading || newValue == '') {
         return;
      }

     
	   var ga = new GlideAjax('x_mscdx_demand.demandUtils');
	   ga.addParam('sysparm_name','getProjectData');
	   ga.addParam('sysparm_projectNumber',newValue);
	
	   ga.getXML( function(response){
		   var answer = JSON.parse(response.responseXML.documentElement.getAttribute("answer"));
		  
		   if (answer) {
			   
			   g_form.setValue('u_project_manager',answer.projectManager,answer.projectManagerDisplay);
			   g_form.setValue('u_project_name',answer.projectName);
		   }
	   });

   } catch(exception) {
      // Specify the name of the Client Script in the log message
      jslog('Error in Client Script (FRU)  Get approver for module: ' + exception);
   }
}]]></script>
        <sys_class_name>sys_script_client</sys_class_name>
        <sys_created_by>L18954</sys_created_by>
        <sys_created_on>2019-02-26 16:17:37</sys_created_on>
        <sys_customer_update>false</sys_customer_update>
        <sys_domain>global</sys_domain>
        <sys_domain_path>/</sys_domain_path>
        <sys_id>cd7d632edb772340144cfbc61d9619ad</sys_id>
        <sys_mod_count>5</sys_mod_count>
        <sys_name>(FRU) Fill project data</sys_name>
        <sys_overrides/>
        <sys_package display_value="Demand" source="x_mscdx_demand">ae8094b3db6be700144cfbc61d9619fa</sys_package>
        <sys_policy/>
        <sys_replace_on_upgrade>false</sys_replace_on_upgrade>
        <sys_scope display_value="Demand">ae8094b3db6be700144cfbc61d9619fa</sys_scope>
        <sys_update_name>sys_script_client_cd7d632edb772340144cfbc61d9619ad</sys_update_name>
        <sys_updated_by>L18954</sys_updated_by>
        <sys_updated_on>2019-03-03 14:37:02</sys_updated_on>
        <table>x_mscdx_demand_demand</table>
        <type>onChange</type>
        <ui_type>0</ui_type>
        <view/>
    </sys_script_client>
</record_update>
