<?xml version="1.0" encoding="UTF-8"?>
<record_update table="sys_number">
    <sys_number action="INSERT_OR_UPDATE">
        <category display_value="" name="x_mscdx_demand_demand">x_mscdx_demand_demand</category>
        <maximum_digits>7</maximum_digits>
        <number>1000</number>
        <prefix>DEM</prefix>
        <sys_class_name>sys_number</sys_class_name>
        <sys_created_by>L18954</sys_created_by>
        <sys_created_on>2019-02-17 11:08:56</sys_created_on>
        <sys_customer_update>false</sys_customer_update>
        <sys_id>e251d47fdb6be700144cfbc61d961966</sys_id>
        <sys_mod_count>1</sys_mod_count>
        <sys_name>DEM</sys_name>
        <sys_package display_value="Demand" source="x_mscdx_demand">ae8094b3db6be700144cfbc61d9619fa</sys_package>
        <sys_policy/>
        <sys_replace_on_upgrade>false</sys_replace_on_upgrade>
        <sys_scope display_value="Demand">ae8094b3db6be700144cfbc61d9619fa</sys_scope>
        <sys_update_name>sys_number_e251d47fdb6be700144cfbc61d961966</sys_update_name>
        <sys_updated_by>L18954</sys_updated_by>
        <sys_updated_on>2019-02-23 10:47:33</sys_updated_on>
    </sys_number>
</record_update>
