<?xml version="1.0" encoding="UTF-8"?>
<record_update table="sys_hub_flow_logic">
    <sys_hub_flow_logic action="INSERT_OR_UPDATE">
        <block display_value="">3d6f5c6cdbff6b00144cfbc61d96194e</block>
        <connected_to/>
        <display_text/>
        <flow display_value="Demand Lifecycle Flow">d38120ecdbff6b00144cfbc61d9619d3</flow>
        <inputs/>
        <logic_definition display_value="If">af4e1945c3e232002841b63b12d3ae3e</logic_definition>
        <order>2</order>
        <parent_ui_id/>
        <sys_class_name>sys_hub_flow_logic</sys_class_name>
        <sys_created_by>L18954</sys_created_by>
        <sys_created_on>2019-02-19 20:15:10</sys_created_on>
        <sys_customer_update>false</sys_customer_update>
        <sys_id>5b8124ecdbff6b00144cfbc61d96196e</sys_id>
        <sys_mod_count>1</sys_mod_count>
        <sys_name/>
        <sys_package display_value="Demand" source="x_mscdx_demand">ae8094b3db6be700144cfbc61d9619fa</sys_package>
        <sys_policy/>
        <sys_replace_on_upgrade>false</sys_replace_on_upgrade>
        <sys_scope display_value="Demand">ae8094b3db6be700144cfbc61d9619fa</sys_scope>
        <sys_update_name>sys_hub_flow_logic_5b8124ecdbff6b00144cfbc61d96196e</sys_update_name>
        <sys_updated_by>L18954</sys_updated_by>
        <sys_updated_on>2019-02-19 20:15:10</sys_updated_on>
        <ui_id>6cab4536-811c-48e4-89e7-3c950ad9575a</ui_id>
    </sys_hub_flow_logic>
</record_update>
