<?xml version="1.0" encoding="UTF-8"?>
<record_update table="sys_db_object">
    <sys_db_object action="INSERT_OR_UPDATE">
        <access>public</access>
        <actions_access>false</actions_access>
        <alter_access>false</alter_access>
        <client_scripts_access>false</client_scripts_access>
        <configuration_access>false</configuration_access>
        <create_access>false</create_access>
        <create_access_controls>true</create_access_controls>
        <delete_access>false</delete_access>
        <extension_model/>
        <is_extendable>false</is_extendable>
        <label>Demand Approvers</label>
        <live_feed_enabled>false</live_feed_enabled>
        <name>x_mscdx_demand_demand_approvers</name>
        <number_ref display_value="DAPP">f26df0c4dbf72b00144cfbc61d9619db</number_ref>
        <provider_class/>
        <read_access>true</read_access>
        <super_class/>
        <sys_class_code/>
        <sys_class_name>sys_db_object</sys_class_name>
        <sys_class_path/>
        <sys_created_by>L18954</sys_created_by>
        <sys_created_on>2019-02-18 08:58:35</sys_created_on>
        <sys_customer_update>false</sys_customer_update>
        <sys_id>d4fc7884dbf72b00144cfbc61d9619b4</sys_id>
        <sys_mod_count>1</sys_mod_count>
        <sys_name>Demand Approvers</sys_name>
        <sys_package display_value="Demand" source="x_mscdx_demand">ae8094b3db6be700144cfbc61d9619fa</sys_package>
        <sys_policy/>
        <sys_replace_on_upgrade>false</sys_replace_on_upgrade>
        <sys_scope display_value="Demand">ae8094b3db6be700144cfbc61d9619fa</sys_scope>
        <sys_update_name>sys_db_object_d4fc7884dbf72b00144cfbc61d9619b4</sys_update_name>
        <sys_updated_by>L18954</sys_updated_by>
        <sys_updated_on>2019-02-18 09:00:21</sys_updated_on>
        <update_access>false</update_access>
        <user_role display_value="x_mscdx_demand.demand_user" name="x_mscdx_demand.demand_user">4a51183fdb6be700144cfbc61d961957</user_role>
        <ws_access>true</ws_access>
    </sys_db_object>
</record_update>
