<?xml version="1.0" encoding="UTF-8"?>
<record_update>
    <sys_choice action="INSERT_OR_UPDATE" field="u_complexity" table="x_mscdx_demand_demand" version="3">
        <sys_choice action="INSERT_OR_UPDATE">
            <dependent_value/>
            <element>u_complexity</element>
            <hint/>
            <inactive>false</inactive>
            <label>Low</label>
            <language>en</language>
            <name>x_mscdx_demand_demand</name>
            <sequence>100</sequence>
            <sys_created_by>L18954</sys_created_by>
            <sys_created_on>2019-02-19 12:23:01</sys_created_on>
            <sys_domain>global</sys_domain>
            <sys_domain_path>/</sys_domain_path>
            <sys_id>7175321cdbfb6b00144cfbc61d961975</sys_id>
            <sys_mod_count>4</sys_mod_count>
            <sys_updated_by>L18954</sys_updated_by>
            <sys_updated_on>2019-02-19 12:23:33</sys_updated_on>
            <value>low</value>
        </sys_choice>
        <sys_choice action="INSERT_OR_UPDATE">
            <dependent_value/>
            <element>u_complexity</element>
            <hint/>
            <inactive>false</inactive>
            <label>Medium</label>
            <language>en</language>
            <name>x_mscdx_demand_demand</name>
            <sequence>200</sequence>
            <sys_created_by>L18954</sys_created_by>
            <sys_created_on>2019-02-19 12:23:16</sys_created_on>
            <sys_domain>global</sys_domain>
            <sys_domain_path>/</sys_domain_path>
            <sys_id>5f75721cdbfb6b00144cfbc61d961965</sys_id>
            <sys_mod_count>2</sys_mod_count>
            <sys_updated_by>L18954</sys_updated_by>
            <sys_updated_on>2019-02-19 12:23:40</sys_updated_on>
            <value>medium</value>
        </sys_choice>
        <sys_choice action="INSERT_OR_UPDATE">
            <dependent_value/>
            <element>u_complexity</element>
            <hint/>
            <inactive>false</inactive>
            <label>High</label>
            <language>en</language>
            <name>x_mscdx_demand_demand</name>
            <sequence>300</sequence>
            <sys_created_by>L18954</sys_created_by>
            <sys_created_on>2019-02-19 12:23:24</sys_created_on>
            <sys_domain>global</sys_domain>
            <sys_domain_path>/</sys_domain_path>
            <sys_id>ba85bed8dbfb6b00144cfbc61d9619d3</sys_id>
            <sys_mod_count>2</sys_mod_count>
            <sys_updated_by>L18954</sys_updated_by>
            <sys_updated_on>2019-02-19 12:23:43</sys_updated_on>
            <value>high</value>
        </sys_choice>
        <sys_choice_set action="INSERT_OR_UPDATE">
            <element>u_complexity</element>
            <name>x_mscdx_demand_demand</name>
            <sys_class_name>sys_choice_set</sys_class_name>
            <sys_created_by>L18954</sys_created_by>
            <sys_created_on>2019-02-19 12:23:01</sys_created_on>
            <sys_customer_update>false</sys_customer_update>
            <sys_id>4775f21cdbfb6b00144cfbc61d961910</sys_id>
            <sys_mod_count>0</sys_mod_count>
            <sys_name>u_complexity</sys_name>
            <sys_package display_value="Demand" source="x_mscdx_demand">ae8094b3db6be700144cfbc61d9619fa</sys_package>
            <sys_policy/>
            <sys_replace_on_upgrade>false</sys_replace_on_upgrade>
            <sys_scope display_value="Demand">ae8094b3db6be700144cfbc61d9619fa</sys_scope>
            <sys_update_name>sys_choice_x_mscdx_demand_demand_u_complexity</sys_update_name>
            <sys_updated_by>L18954</sys_updated_by>
            <sys_updated_on>2019-02-19 12:23:01</sys_updated_on>
        </sys_choice_set>
    </sys_choice>
</record_update>
