<?xml version="1.0" encoding="UTF-8"?>
<record_update table="sys_hub_action_instance">
    <sys_hub_action_instance action="INSERT_OR_UPDATE">
        <action_inputs/>
        <action_type display_value="Ask For Approval">f8f2e9920b10030085c083eb37673abd</action_type>
        <comment/>
        <compiled_snapshot display_value="Ask For Approval">f8f2e9920b10030085c083eb37673abd</compiled_snapshot>
        <display_text/>
        <flow display_value="Demand Lifecycle Flow">361b90e8dbff6b00144cfbc61d9619a9</flow>
        <order>1</order>
        <parent_ui_id/>
        <sys_class_name>sys_hub_action_instance</sys_class_name>
        <sys_created_by>L18954</sys_created_by>
        <sys_created_on>2019-02-19 19:47:00</sys_created_on>
        <sys_customer_update>false</sys_customer_update>
        <sys_id>b21b90e8dbff6b00144cfbc61d9619c0</sys_id>
        <sys_mod_count>1</sys_mod_count>
        <sys_name/>
        <sys_package display_value="Demand" source="x_mscdx_demand">ae8094b3db6be700144cfbc61d9619fa</sys_package>
        <sys_policy/>
        <sys_replace_on_upgrade>false</sys_replace_on_upgrade>
        <sys_scope display_value="Demand">ae8094b3db6be700144cfbc61d9619fa</sys_scope>
        <sys_update_name>sys_hub_action_instance_b21b90e8dbff6b00144cfbc61d9619c0</sys_update_name>
        <sys_updated_by>L18954</sys_updated_by>
        <sys_updated_on>2019-02-19 19:47:00</sys_updated_on>
        <ui_id>6e6bd026-bc88-4312-9a03-6c07dbaf2cf2</ui_id>
    </sys_hub_action_instance>
</record_update>
