<?xml version="1.0" encoding="UTF-8"?>
<record_update table="sys_hub_action_instance">
    <sys_hub_action_instance action="INSERT_OR_UPDATE">
        <action_inputs/>
        <action_type display_value="Create Task">2b3a6335531003003bf1d9109ec58759</action_type>
        <comment>Solution design task</comment>
        <compiled_snapshot display_value="Create Task">2b3a6335531003003bf1d9109ec58759</compiled_snapshot>
        <display_text/>
        <flow display_value="Demand Main Process Flow">85c78c7cdbbbab00144cfbc61d9619e6</flow>
        <order>4</order>
        <parent_ui_id/>
        <sys_class_name>sys_hub_action_instance</sys_class_name>
        <sys_created_by>L18954</sys_created_by>
        <sys_created_on>2019-02-20 13:01:00</sys_created_on>
        <sys_customer_update>false</sys_customer_update>
        <sys_id>11c7cc7cdbbbab00144cfbc61d961916</sys_id>
        <sys_mod_count>1</sys_mod_count>
        <sys_name/>
        <sys_package display_value="Demand" source="x_mscdx_demand">ae8094b3db6be700144cfbc61d9619fa</sys_package>
        <sys_policy/>
        <sys_replace_on_upgrade>false</sys_replace_on_upgrade>
        <sys_scope display_value="Demand">ae8094b3db6be700144cfbc61d9619fa</sys_scope>
        <sys_update_name>sys_hub_action_instance_11c7cc7cdbbbab00144cfbc61d961916</sys_update_name>
        <sys_updated_by>L18954</sys_updated_by>
        <sys_updated_on>2019-02-20 13:01:01</sys_updated_on>
        <ui_id>6d2ff693-08e6-407d-82a9-9b927cda918c</ui_id>
    </sys_hub_action_instance>
</record_update>
