<?xml version="1.0" encoding="UTF-8"?>
<record_update table="sys_process_flow">
    <sys_process_flow action="INSERT_OR_UPDATE">
        <active>true</active>
        <condition table="x_mscdx_demand_demand">u_stage=waiting_preapprove^EQ<item endquery="false" field="u_stage" goto="false" newquery="false" operator="=" or="false" value="waiting_preapprove"/>
            <item endquery="true" field="" goto="false" newquery="false" operator="=" or="false" value=""/>
        </condition>
        <description/>
        <label>Waiting for pre-approve</label>
        <name>waiting_preapprove</name>
        <order>100</order>
        <sys_class_name>sys_process_flow</sys_class_name>
        <sys_created_by>L18954</sys_created_by>
        <sys_created_on>2019-02-20 12:43:18</sys_created_on>
        <sys_customer_update>false</sys_customer_update>
        <sys_id>06b388b8dbbbab00144cfbc61d961977</sys_id>
        <sys_mod_count>0</sys_mod_count>
        <sys_name>waiting_preapprove</sys_name>
        <sys_package display_value="Demand" source="x_mscdx_demand">ae8094b3db6be700144cfbc61d9619fa</sys_package>
        <sys_policy/>
        <sys_replace_on_upgrade>false</sys_replace_on_upgrade>
        <sys_scope display_value="Demand">ae8094b3db6be700144cfbc61d9619fa</sys_scope>
        <sys_update_name>sys_process_flow_06b388b8dbbbab00144cfbc61d961977</sys_update_name>
        <sys_updated_by>L18954</sys_updated_by>
        <sys_updated_on>2019-02-20 12:43:18</sys_updated_on>
        <table>x_mscdx_demand_demand</table>
    </sys_process_flow>
</record_update>
