<?xml version="1.0" encoding="UTF-8"?>
<record_update>
    <sys_choice action="INSERT_OR_UPDATE" field="contact_type" table="x_mscdx_demand_demand" version="3">
        <sys_choice action="INSERT_OR_UPDATE">
            <dependent_value/>
            <element>contact_type</element>
            <hint/>
            <inactive>false</inactive>
            <label>Self-service</label>
            <language>en</language>
            <name>x_mscdx_demand_demand</name>
            <sequence>0</sequence>
            <sys_created_by>L18954</sys_created_by>
            <sys_created_on>2019-02-19 14:11:16</sys_created_on>
            <sys_domain>global</sys_domain>
            <sys_domain_path>/</sys_domain_path>
            <sys_id>fc4e0b1cdb3f6b00144cfbc61d961983</sys_id>
            <sys_mod_count>0</sys_mod_count>
            <sys_updated_by>L18954</sys_updated_by>
            <sys_updated_on>2019-02-19 14:11:16</sys_updated_on>
            <value>self-service</value>
        </sys_choice>
        <sys_choice action="INSERT_OR_UPDATE">
            <dependent_value/>
            <element>contact_type</element>
            <hint/>
            <inactive>false</inactive>
            <label>Email</label>
            <language>en</language>
            <name>x_mscdx_demand_demand</name>
            <sequence>1</sequence>
            <sys_created_by>L18954</sys_created_by>
            <sys_created_on>2019-02-19 14:11:16</sys_created_on>
            <sys_domain>global</sys_domain>
            <sys_domain_path>/</sys_domain_path>
            <sys_id>b44e0b1cdb3f6b00144cfbc61d961986</sys_id>
            <sys_mod_count>0</sys_mod_count>
            <sys_updated_by>L18954</sys_updated_by>
            <sys_updated_on>2019-02-19 14:11:16</sys_updated_on>
            <value>email</value>
        </sys_choice>
        <sys_choice_set action="INSERT_OR_UPDATE">
            <element>contact_type</element>
            <name>x_mscdx_demand_demand</name>
            <sys_class_name>sys_choice_set</sys_class_name>
            <sys_created_by>L18954</sys_created_by>
            <sys_created_on>2019-02-19 14:11:16</sys_created_on>
            <sys_customer_update>false</sys_customer_update>
            <sys_id>704e0b1cdb3f6b00144cfbc61d961986</sys_id>
            <sys_mod_count>0</sys_mod_count>
            <sys_name>contact_type</sys_name>
            <sys_package display_value="Demand" source="x_mscdx_demand">ae8094b3db6be700144cfbc61d9619fa</sys_package>
            <sys_policy/>
            <sys_replace_on_upgrade>false</sys_replace_on_upgrade>
            <sys_scope display_value="Demand">ae8094b3db6be700144cfbc61d9619fa</sys_scope>
            <sys_update_name>sys_choice_x_mscdx_demand_demand_contact_type</sys_update_name>
            <sys_updated_by>L18954</sys_updated_by>
            <sys_updated_on>2019-02-19 14:11:16</sys_updated_on>
        </sys_choice_set>
    </sys_choice>
</record_update>
