<?xml version="1.0" encoding="UTF-8"?>
<record_update table="sys_properties">
    <sys_properties action="INSERT_OR_UPDATE">
        <choices/>
        <description>Letter used in project ids as a prefix</description>
        <ignore_cache>false</ignore_cache>
        <is_private>false</is_private>
        <name>x_mscdx_demand.project.prefix</name>
        <read_roles>x_mscdx_demand.demand_admin</read_roles>
        <suffix>project.prefix</suffix>
        <sys_class_name>sys_properties</sys_class_name>
        <sys_created_by>L18954</sys_created_by>
        <sys_created_on>2019-03-02 14:21:41</sys_created_on>
        <sys_customer_update>false</sys_customer_update>
        <sys_id>0de9b7b7db7faf003d67ff361d961920</sys_id>
        <sys_mod_count>2</sys_mod_count>
        <sys_name>x_mscdx_demand.project.prefix</sys_name>
        <sys_package display_value="Demand" source="x_mscdx_demand">ae8094b3db6be700144cfbc61d9619fa</sys_package>
        <sys_policy/>
        <sys_replace_on_upgrade>false</sys_replace_on_upgrade>
        <sys_scope display_value="Demand">ae8094b3db6be700144cfbc61d9619fa</sys_scope>
        <sys_update_name>sys_properties_0de9b7b7db7faf003d67ff361d961920</sys_update_name>
        <sys_updated_by>L18954</sys_updated_by>
        <sys_updated_on>2019-03-05 09:08:47</sys_updated_on>
        <type>string</type>
        <value>A</value>
        <write_roles>x_mscdx_demand.demand_admin</write_roles>
    </sys_properties>
    <sys_translated_text action="delete_multiple" query="documentkey=0de9b7b7db7faf003d67ff361d961920"/>
</record_update>
