<?xml version="1.0" encoding="UTF-8"?>
<record_update table="sys_hub_trigger_instance">
    <sys_hub_trigger_instance action="INSERT_OR_UPDATE">
        <display_text/>
        <flow display_value="Demand Lifecycle Flow">118740ecdbbf6b00144cfbc61d9619c1</flow>
        <name>Created</name>
        <remote_sys_id/>
        <sys_class_name>sys_hub_trigger_instance</sys_class_name>
        <sys_created_by>L18954</sys_created_by>
        <sys_created_on>2019-02-19 18:21:26</sys_created_on>
        <sys_customer_update>false</sys_customer_update>
        <sys_id>1d8740ecdbbf6b00144cfbc61d9619c3</sys_id>
        <sys_mod_count>1</sys_mod_count>
        <sys_name>record_create</sys_name>
        <sys_package display_value="Demand" source="x_mscdx_demand">ae8094b3db6be700144cfbc61d9619fa</sys_package>
        <sys_policy/>
        <sys_replace_on_upgrade>false</sys_replace_on_upgrade>
        <sys_scope display_value="Demand">ae8094b3db6be700144cfbc61d9619fa</sys_scope>
        <sys_update_name>sys_hub_trigger_instance_1d8740ecdbbf6b00144cfbc61d9619c3</sys_update_name>
        <sys_updated_by>L18954</sys_updated_by>
        <sys_updated_on>2019-02-19 18:21:26</sys_updated_on>
        <trigger_definition display_value="Created">798916a0c31322002841b63b12d3ae7c</trigger_definition>
        <trigger_inputs/>
        <trigger_outputs/>
        <trigger_type>record_create</trigger_type>
    </sys_hub_trigger_instance>
</record_update>
