<?xml version="1.0" encoding="UTF-8"?>
<record_update table="sys_atf_step">
    <sys_atf_step action="INSERT_OR_UPDATE">
        <active>true</active>
        <description>There should be at least one record in 'sysapproval_approver' matching a query of
Approver = {{Step 4: Impersonate.User}}
and Approval for = {{Step 3: Submit a Form.Record}}
With a failure timeout of 5 Seconds</description>
        <display_name>Record Query</display_name>
        <inputs/>
        <inputs/>
        <order>5</order>
        <step_config display_value="Record Query">0270b8005f30220012b44adb7f46666a</step_config>
        <sys_class_name>sys_atf_step</sys_class_name>
        <sys_created_by>L18954</sys_created_by>
        <sys_created_on>2019-02-23 08:16:49</sys_created_on>
        <sys_customer_update>false</sys_customer_update>
        <sys_id>4b532269db3f2b003d67ff361d9619d3</sys_id>
        <sys_mod_count>0</sys_mod_count>
        <sys_name>Record Query</sys_name>
        <sys_package display_value="Demand" source="x_mscdx_demand">ae8094b3db6be700144cfbc61d9619fa</sys_package>
        <sys_policy/>
        <sys_replace_on_upgrade>false</sys_replace_on_upgrade>
        <sys_scope display_value="Demand">ae8094b3db6be700144cfbc61d9619fa</sys_scope>
        <sys_update_name>sys_atf_step_4b532269db3f2b003d67ff361d9619d3</sys_update_name>
        <sys_updated_by>L18954</sys_updated_by>
        <sys_updated_on>2019-02-23 08:16:49</sys_updated_on>
        <table>sysapproval_approver</table>
        <test display_value="Demand Lifecycle Test">59df9e2ddbfb2b003d67ff361d9619b4</test>
        <timeout>1970-01-01 00:00:05</timeout>
    </sys_atf_step>
    <sys_variable_value action="delete_multiple" query="document_key=4b532269db3f2b003d67ff361d9619d3"/>
    <sys_variable_value action="INSERT_OR_UPDATE">
        <document>sys_atf_step</document>
        <document_key>4b532269db3f2b003d67ff361d9619d3</document_key>
        <order>100</order>
        <sys_class_name>sys_variable_value</sys_class_name>
        <sys_created_by>L18954</sys_created_by>
        <sys_created_on>2019-02-23 08:16:49</sys_created_on>
        <sys_id>3373e6e9db3f2b003d67ff361d961963</sys_id>
        <sys_mod_count>0</sys_mod_count>
        <sys_updated_by>L18954</sys_updated_by>
        <sys_updated_on>2019-02-23 08:16:49</sys_updated_on>
        <value>sysapproval_approver</value>
        <variable display_value="">6fe5f8405f30220012b44adb7f4666e4</variable>
    </sys_variable_value>
    <sys_variable_value action="INSERT_OR_UPDATE">
        <document>sys_atf_step</document>
        <document_key>4b532269db3f2b003d67ff361d9619d3</document_key>
        <order>100</order>
        <sys_class_name>sys_variable_value</sys_class_name>
        <sys_created_by>L18954</sys_created_by>
        <sys_created_on>2019-02-23 08:16:49</sys_created_on>
        <sys_id>f373e6e9db3f2b003d67ff361d961963</sys_id>
        <sys_mod_count>0</sys_mod_count>
        <sys_updated_by>L18954</sys_updated_by>
        <sys_updated_on>2019-02-23 08:16:49</sys_updated_on>
        <value>approver={{step['85432ea9db3f2b003d67ff361d961906'].user}}^sysapproval={{step['11336265db3f2b003d67ff361d96197c'].record_id}}^EQ</value>
        <variable display_value="">cf167c405f30220012b44adb7f46660d</variable>
    </sys_variable_value>
    <sys_element_mapping action="delete_multiple" query="id=4b532269db3f2b003d67ff361d9619d3"/>
    <sys_element_mapping action="INSERT_OR_UPDATE">
        <field>field_values</field>
        <id>4b532269db3f2b003d67ff361d9619d3</id>
        <sys_created_by>L18954</sys_created_by>
        <sys_created_on>2019-02-23 08:16:49</sys_created_on>
        <sys_id>bf73e6e9db3f2b003d67ff361d961962</sys_id>
        <sys_mod_count>0</sys_mod_count>
        <sys_updated_by>L18954</sys_updated_by>
        <sys_updated_on>2019-02-23 08:16:49</sys_updated_on>
        <table>var__m_atf_input_variable_0270b8005f30220012b44adb7f46666a</table>
        <value>approver={{step['85432ea9db3f2b003d67ff361d961906'].user}}^sysapproval={{step['11336265db3f2b003d67ff361d96197c'].record_id}}^EQ</value>
    </sys_element_mapping>
    <sys_element_mapping action="INSERT_OR_UPDATE">
        <field>table</field>
        <id>4b532269db3f2b003d67ff361d9619d3</id>
        <sys_created_by>L18954</sys_created_by>
        <sys_created_on>2019-02-23 08:16:49</sys_created_on>
        <sys_id>fb73e6e9db3f2b003d67ff361d961962</sys_id>
        <sys_mod_count>0</sys_mod_count>
        <sys_updated_by>L18954</sys_updated_by>
        <sys_updated_on>2019-02-23 08:16:49</sys_updated_on>
        <table>var__m_atf_input_variable_0270b8005f30220012b44adb7f46666a</table>
        <value/>
    </sys_element_mapping>
</record_update>
