<?xml version="1.0" encoding="UTF-8"?>
<record_update sys_domain="global" table="sys_app_module">
    <sys_app_module action="INSERT_OR_UPDATE">
        <active>true</active>
        <application display_value="Demand">bf9958c1dbf3e7003d67ff361d961907</application>
        <assessment/>
        <content_page/>
        <device_type/>
        <filter table="x_mscdx_demand_demand">stateNOT IN3,4,7^EQ<item endquery="false" field="state" goto="false" newquery="false" operator="NOT IN" or="false" value="3,4,7"/>
            <item endquery="true" field="" goto="false" newquery="false" operator="=" or="false" value=""/>
        </filter>
        <hint>Shows all currently active demands</hint>
        <homepage/>
        <image/>
        <link_type>LIST</link_type>
        <map_page/>
        <mobile_title>Open</mobile_title>
        <mobile_view_name>Mobile</mobile_view_name>
        <name>x_mscdx_demand_demand</name>
        <order>300</order>
        <override_menu_roles>false</override_menu_roles>
        <query/>
        <report/>
        <roles/>
        <survey/>
        <survey_overwrite>true</survey_overwrite>
        <sys_class_name>sys_app_module</sys_class_name>
        <sys_created_by>L18954</sys_created_by>
        <sys_created_on>2019-02-23 11:56:32</sys_created_on>
        <sys_customer_update>false</sys_customer_update>
        <sys_domain>global</sys_domain>
        <sys_domain_path>/</sys_domain_path>
        <sys_id>2495db69dbbf2b003d67ff361d961965</sys_id>
        <sys_mod_count>0</sys_mod_count>
        <sys_name>Open</sys_name>
        <sys_overrides/>
        <sys_package display_value="Demand" source="x_mscdx_demand">ae8094b3db6be700144cfbc61d9619fa</sys_package>
        <sys_policy/>
        <sys_replace_on_upgrade>false</sys_replace_on_upgrade>
        <sys_scope display_value="Demand">ae8094b3db6be700144cfbc61d9619fa</sys_scope>
        <sys_update_name>sys_app_module_2495db69dbbf2b003d67ff361d961965</sys_update_name>
        <sys_updated_by>L18954</sys_updated_by>
        <sys_updated_on>2019-02-23 11:56:32</sys_updated_on>
        <timeline_page/>
        <title>Open</title>
        <uncancelable>false</uncancelable>
        <view_name/>
        <window_name/>
    </sys_app_module>
</record_update>
