<?xml version="1.0" encoding="UTF-8"?>
<record_update table="sys_hub_action_instance">
    <sys_hub_action_instance action="INSERT_OR_UPDATE">
        <action_inputs/>
        <action_type display_value="Update Record">f9d01dd2c31332002841b63b12d3aea1</action_type>
        <comment/>
        <compiled_snapshot display_value="Update Record">f9d01dd2c31332002841b63b12d3aea1</compiled_snapshot>
        <display_text/>
        <flow display_value="Demand Lifecycle Flow">607f9c6cdbff6b00144cfbc61d9619f8</flow>
        <order>5</order>
        <parent_ui_id/>
        <sys_class_name>sys_hub_action_instance</sys_class_name>
        <sys_created_by>L18954</sys_created_by>
        <sys_created_on>2019-02-19 20:05:59</sys_created_on>
        <sys_customer_update>false</sys_customer_update>
        <sys_id>3c7fdc6cdbff6b00144cfbc61d96192e</sys_id>
        <sys_mod_count>1</sys_mod_count>
        <sys_name/>
        <sys_package display_value="Demand" source="x_mscdx_demand">ae8094b3db6be700144cfbc61d9619fa</sys_package>
        <sys_policy/>
        <sys_replace_on_upgrade>false</sys_replace_on_upgrade>
        <sys_scope display_value="Demand">ae8094b3db6be700144cfbc61d9619fa</sys_scope>
        <sys_update_name>sys_hub_action_instance_3c7fdc6cdbff6b00144cfbc61d96192e</sys_update_name>
        <sys_updated_by>L18954</sys_updated_by>
        <sys_updated_on>2019-02-19 20:05:59</sys_updated_on>
        <ui_id>f8f9acfa-2ffc-474a-b5ac-d4cec3a3ab9d</ui_id>
    </sys_hub_action_instance>
</record_update>
