<?xml version="1.0" encoding="UTF-8"?>
<record_update sys_domain="global" table="sys_embedded_tour_step">
    <sys_embedded_tour_step action="INSERT_OR_UPDATE">
        <action>false</action>
        <action_event>next</action_event>
        <action_target/>
        <action_target_ref display_value=".module-node[id=&quot;d2cd06d9db732b003d67ff3">4db620c6dbfb6b003d67ff361d9619e1</action_target_ref>
        <active>true</active>
        <content><![CDATA[To create a new Demand, press the Create New button.]]></content>
        <guide/>
        <implicit>false</implicit>
        <link/>
        <name>Step 0</name>
        <options/>
        <order>0</order>
        <placement>right</placement>
        <sys_class_name>sys_embedded_tour_step</sys_class_name>
        <sys_created_by>L18954</sys_created_by>
        <sys_created_on>2019-02-24 12:28:33</sys_created_on>
        <sys_customer_update>false</sys_customer_update>
        <sys_domain>global</sys_domain>
        <sys_id>0db6a4c6dbfb6b003d67ff361d96190e</sys_id>
        <sys_mod_count>0</sys_mod_count>
        <sys_name>Step 0</sys_name>
        <sys_overrides/>
        <sys_package display_value="Demand" source="x_mscdx_demand">ae8094b3db6be700144cfbc61d9619fa</sys_package>
        <sys_policy/>
        <sys_replace_on_upgrade>false</sys_replace_on_upgrade>
        <sys_scope display_value="Demand">ae8094b3db6be700144cfbc61d9619fa</sys_scope>
        <sys_update_name>sys_embedded_tour_step_0db6a4c6dbfb6b003d67ff361d96190e</sys_update_name>
        <sys_updated_by>L18954</sys_updated_by>
        <sys_updated_on>2019-02-24 12:28:33</sys_updated_on>
        <target/>
        <target_ref display_value=".module-node[id=&quot;d2cd06d9db732b003d67ff3">4db620c6dbfb6b003d67ff361d9619e1</target_ref>
        <ui_version>dynamic</ui_version>
        <view/>
        <window>nav_to.do</window>
    </sys_embedded_tour_step>
    <sys_translated_text action="delete_multiple" query="documentkey=0db6a4c6dbfb6b003d67ff361d96190e"/>
</record_update>
