<?xml version="1.0" encoding="UTF-8"?>
<record_update table="sys_script_fix">
    <sys_script_fix action="INSERT_OR_UPDATE">
        <active>true</active>
        <before>false</before>
        <description/>
        <flush_cache>false</flush_cache>
        <name>(LB) Change number</name>
        <run_once>true</run_once>
        <script><![CDATA[var demand = new GlideRecord('x_mscdx_demand_demand');
demand.addQuery('number','=','DEM0001120');
demand.query();

while (demand.next()){
	var number = demand.number.replace('DEM','LEGACYDEM');
	demand.number = number;
	demand.update();
}
]]></script>
        <sys_class_name>sys_script_fix</sys_class_name>
        <sys_created_by>L18954</sys_created_by>
        <sys_created_on>2019-03-30 10:25:23</sys_created_on>
        <sys_customer_update>false</sys_customer_update>
        <sys_id>355fc3bcdb24fb80144cfbc61d961951</sys_id>
        <sys_mod_count>0</sys_mod_count>
        <sys_name>(LB) Change number</sys_name>
        <sys_package display_value="Demand" source="x_mscdx_demand">ae8094b3db6be700144cfbc61d9619fa</sys_package>
        <sys_policy/>
        <sys_replace_on_upgrade>false</sys_replace_on_upgrade>
        <sys_scope display_value="Demand">ae8094b3db6be700144cfbc61d9619fa</sys_scope>
        <sys_update_name>sys_script_fix_355fc3bcdb24fb80144cfbc61d961951</sys_update_name>
        <sys_updated_by>L18954</sys_updated_by>
        <sys_updated_on>2019-03-30 10:25:23</sys_updated_on>
        <unloadable>false</unloadable>
    </sys_script_fix>
</record_update>
