<?xml version="1.0" encoding="UTF-8"?>
<record_update sys_domain="global" table="sys_script_client">
    <sys_script_client action="INSERT_OR_UPDATE">
        <active>true</active>
        <applies_extended>false</applies_extended>
        <condition/>
        <description>Set the approver filed to the appropriate approver if affected module is set or changed</description>
        <field>u_affected_module</field>
        <global>true</global>
        <messages/>
        <name>(FRU)  Get approver for module</name>
        <order/>
        <script><![CDATA[function onChange(control, oldValue, newValue, isLoading, isTemplate) {
   try {
      if(isLoading || newValue == '') {
         return;
      }
	  
	   var ga = new GlideAjax('x_mscdx_demand.demandUtils');
	   ga.addParam('sysparm_name','getModuleApprover');
	   ga.addParam('sysparm_affected_module',newValue);
	   
	   ga.getXML( function(response){
		   var answer = JSON.parse(response.responseXML.documentElement.getAttribute("answer"));
		 
		   if (answer) {
			   g_form.setValue('u_approver',answer.value,answer.displayValue);
		   }
	   });
	   

   } catch(exception) {
      // Specify the name of the Client Script in the log message
      jslog('Error in Client Script (FRU)  Get approver for module: ' + exception);
   }
}]]></script>
        <sys_class_name>sys_script_client</sys_class_name>
        <sys_created_by>L18954</sys_created_by>
        <sys_created_on>2019-02-21 10:23:38</sys_created_on>
        <sys_customer_update>false</sys_customer_update>
        <sys_domain>global</sys_domain>
        <sys_domain_path>/</sys_domain_path>
        <sys_id>32eb6c4ddbf3e7003d67ff361d961969</sys_id>
        <sys_mod_count>18</sys_mod_count>
        <sys_name>(FRU)  Get approver for module</sys_name>
        <sys_overrides/>
        <sys_package display_value="Demand" source="x_mscdx_demand">ae8094b3db6be700144cfbc61d9619fa</sys_package>
        <sys_policy/>
        <sys_replace_on_upgrade>false</sys_replace_on_upgrade>
        <sys_scope display_value="Demand">ae8094b3db6be700144cfbc61d9619fa</sys_scope>
        <sys_update_name>sys_script_client_32eb6c4ddbf3e7003d67ff361d961969</sys_update_name>
        <sys_updated_by>L18954</sys_updated_by>
        <sys_updated_on>2019-03-03 14:36:53</sys_updated_on>
        <table>x_mscdx_demand_demand</table>
        <type>onChange</type>
        <ui_type>0</ui_type>
        <view/>
    </sys_script_client>
</record_update>
