<?xml version="1.0" encoding="UTF-8"?>
<record_update sys_domain="global" table="sys_embedded_tour_guide">
    <sys_embedded_tour_guide action="INSERT_OR_UPDATE">
        <active>true</active>
        <autolaunch_order>0</autolaunch_order>
        <context>x_mscdx_demand_demand_list</context>
        <description/>
        <name>How to create a normal Demand?</name>
        <options/>
        <roles>x_mscdx_demand.demand_requester</roles>
        <sys_class_name>sys_embedded_tour_guide</sys_class_name>
        <sys_created_by>L18954</sys_created_by>
        <sys_created_on>2019-02-24 12:33:03</sys_created_on>
        <sys_customer_update>false</sys_customer_update>
        <sys_domain>global</sys_domain>
        <sys_id>8fb72cc6dbfb6b003d67ff361d96194a</sys_id>
        <sys_mod_count>0</sys_mod_count>
        <sys_name>How to create a normal Demand?</sys_name>
        <sys_overrides/>
        <sys_package display_value="Demand" source="x_mscdx_demand">ae8094b3db6be700144cfbc61d9619fa</sys_package>
        <sys_policy/>
        <sys_replace_on_upgrade>false</sys_replace_on_upgrade>
        <sys_scope display_value="Demand">ae8094b3db6be700144cfbc61d9619fa</sys_scope>
        <sys_update_name>sys_embedded_tour_guide_8fb72cc6dbfb6b003d67ff361d96194a</sys_update_name>
        <sys_updated_by>L18954</sys_updated_by>
        <sys_updated_on>2019-02-24 12:33:03</sys_updated_on>
    </sys_embedded_tour_guide>
</record_update>
