<?xml version="1.0" encoding="UTF-8"?>
<record_update table="sys_atf_step">
    <sys_atf_step action="INSERT_OR_UPDATE">
        <active>true</active>
        <description>Set the values on the form as follows:
Priority = 4 - Low
and Affected module = Incident
and Short description = This is an auto generated Demand from ATF.
and Business Justification = Demand application must be tested for the entire lifecycle.
and Description = This Demand will be auto-created and all activities connected to it will be tested.
and Source = Self-service
and Demand type = New funcionality
and Requested for = Christian Florian Rügge</description>
        <display_name>Set Field Values</display_name>
        <inputs/>
        <order>2</order>
        <step_config display_value="Set Field Values">fcae4a935332120028bc29cac2dc340e</step_config>
        <sys_class_name>sys_atf_step</sys_class_name>
        <sys_created_by>L18954</sys_created_by>
        <sys_created_on>2019-02-23 08:15:06</sys_created_on>
        <sys_customer_update>false</sys_customer_update>
        <sys_id>0f922665db3f2b003d67ff361d96191a</sys_id>
        <sys_mod_count>0</sys_mod_count>
        <sys_name>Set Field Values</sys_name>
        <sys_package display_value="Demand" source="x_mscdx_demand">ae8094b3db6be700144cfbc61d9619fa</sys_package>
        <sys_policy/>
        <sys_replace_on_upgrade>false</sys_replace_on_upgrade>
        <sys_scope display_value="Demand">ae8094b3db6be700144cfbc61d9619fa</sys_scope>
        <sys_update_name>sys_atf_step_0f922665db3f2b003d67ff361d96191a</sys_update_name>
        <sys_updated_by>L18954</sys_updated_by>
        <sys_updated_on>2019-02-23 08:15:06</sys_updated_on>
        <table>x_mscdx_demand_demand</table>
        <test display_value="Demand Lifecycle Test">59df9e2ddbfb2b003d67ff361d9619b4</test>
        <timeout/>
    </sys_atf_step>
    <sys_variable_value action="delete_multiple" query="document_key=0f922665db3f2b003d67ff361d96191a"/>
    <sys_variable_value action="INSERT_OR_UPDATE">
        <document>sys_atf_step</document>
        <document_key>0f922665db3f2b003d67ff361d96191a</document_key>
        <order>100</order>
        <sys_class_name>sys_variable_value</sys_class_name>
        <sys_created_by>L18954</sys_created_by>
        <sys_created_on>2019-02-23 08:15:06</sys_created_on>
        <sys_id>3a132a29db3f2b003d67ff361d96198d</sys_id>
        <sys_mod_count>0</sys_mod_count>
        <sys_updated_by>L18954</sys_updated_by>
        <sys_updated_on>2019-02-23 08:15:06</sys_updated_on>
        <value>x_mscdx_demand_demand</value>
        <variable display_value="">424ca6465320220002c6435723dc34b5</variable>
    </sys_variable_value>
    <sys_variable_value action="INSERT_OR_UPDATE">
        <document>sys_atf_step</document>
        <document_key>0f922665db3f2b003d67ff361d96191a</document_key>
        <order>100</order>
        <sys_class_name>sys_variable_value</sys_class_name>
        <sys_created_by>L18954</sys_created_by>
        <sys_created_on>2019-02-23 08:15:07</sys_created_on>
        <sys_id>fa132a29db3f2b003d67ff361d96198d</sys_id>
        <sys_mod_count>0</sys_mod_count>
        <sys_updated_by>L18954</sys_updated_by>
        <sys_updated_on>2019-02-23 08:15:07</sys_updated_on>
        <value>priority=4^u_affected_module=incident^short_description=This is an auto generated Demand from ATF.^u_business_justification=Demand application must be tested for the entire lifecycle.^description=This Demand will be auto-created and all activities connected to it will be tested.^contact_type=self-service^demand_type=new^u_requested_for=779915fadb9a1f00467ffbc61d96194c^EQ</value>
        <variable display_value="">b3dba2465320220002c6435723dc34f0</variable>
    </sys_variable_value>
</record_update>
