<?xml version="1.0" encoding="UTF-8"?>
<record_update table="sys_report">
    <sys_report action="INSERT_OR_UPDATE">
        <additional_groupby/>
        <aggregate>COUNT</aggregate>
        <allow_data_label_overlap>false</allow_data_label_overlap>
        <axis_max_color display_value="UI14 Blue Light">b0d449b3d7332100fa6c0c12ce610383</axis_max_color>
        <axis_min_color display_value="White">65b303c7a9fe3dba00629aff95ee3597</axis_min_color>
        <bar_unstack>false</bar_unstack>
        <chart_background_color/>
        <chart_border_color/>
        <chart_border_radius>0</chart_border_radius>
        <chart_border_width>1</chart_border_width>
        <chart_height>450</chart_height>
        <chart_size>large</chart_size>
        <chart_title/>
        <chart_title_color display_value="Black">65b30218a9fe3dba0120df8611520d97</chart_title_color>
        <chart_title_size>16</chart_title_size>
        <chart_title_x_position>0</chart_title_x_position>
        <chart_title_y_position>0</chart_title_y_position>
        <chart_width>600</chart_width>
        <color display_value="Default Color">de699435d7033100b4964ebfae610331</color>
        <color_palette display_value="Default UI14">aa558ab3d7732100fa6c0c12ce610377</color_palette>
        <colors/>
        <column/>
        <compute_percent>aggregate</compute_percent>
        <content/>
        <created_by_user display_value="Lukasz Bojara">0b13b005dbee13404762f7871d9619d1</created_by_user>
        <custom_chart_size>false</custom_chart_size>
        <custom_chart_title_position>false</custom_chart_title_position>
        <custom_config>{"transforms":[{"transform":{"transform":"Reference","name":"chart-subjects"}}]}</custom_config>
        <decimal_precision>2</decimal_precision>
        <description/>
        <direction>minimize</direction>
        <display_column_lines>false</display_column_lines>
        <display_grid>false</display_grid>
        <display_row_lines>false</display_row_lines>
        <donut_width_percent>50</donut_width_percent>
        <end_time/>
        <exp_report_attrs>true</exp_report_attrs>
        <field>active</field>
        <field_list/>
        <filter table="x_mscdx_demand_demand">u_project_related=true<item endquery="false" field="u_project_related" goto="false" newquery="false" operator="=" or="false" value="true"/>
        </filter>
        <from/>
        <funnel_neck_percent>30</funnel_neck_percent>
        <gauge_autoscale>true</gauge_autoscale>
        <group/>
        <import_table/>
        <interval>year</interval>
        <is_published>false</is_published>
        <is_scheduled>false</is_scheduled>
        <legend_background_color/>
        <legend_border_color/>
        <legend_border_radius>0</legend_border_radius>
        <legend_border_width>1</legend_border_width>
        <legend_horizontal_alignment>center</legend_horizontal_alignment>
        <legend_items_left_align>false</legend_items_left_align>
        <legend_vertical_alignment>bottom</legend_vertical_alignment>
        <list_ui_view/>
        <location_field/>
        <lower_limit/>
        <map display_value="World">93b8a3a2d7101200bd4a4ebfae61033a</map>
        <map_source/>
        <orderby_list/>
        <other_threshold>-2</other_threshold>
        <others>true</others>
        <page_hdrftr/>
        <pivot_expanded>true</pivot_expanded>
        <report_drilldown/>
        <report_source/>
        <roles/>
        <row/>
        <sc_groupby_item_id/>
        <sc_groupby_variable_id/>
        <sc_stackby_item_id/>
        <sc_stackby_variable_id/>
        <score_color display_value="Black">65b30218a9fe3dba0120df8611520d97</score_color>
        <series_name_text/>
        <set_color>one_color</set_color>
        <show_chart_border>false</show_chart_border>
        <show_chart_data_label>false</show_chart_data_label>
        <show_chart_title>report</show_chart_title>
        <show_chart_total>false</show_chart_total>
        <show_data_label_position_middle>false</show_data_label_position_middle>
        <show_empty>false</show_empty>
        <show_geographical_label>false</show_geographical_label>
        <show_legend>true</show_legend>
        <show_legend_border>false</show_legend_border>
        <show_marker>true</show_marker>
        <show_zero>true</show_zero>
        <source_type>table</source_type>
        <start_time/>
        <sumfield>u_approver...</sumfield>
        <sys_class_name>sys_report</sys_class_name>
        <sys_created_by>L18954</sys_created_by>
        <sys_created_on>2019-02-23 15:43:58</sys_created_on>
        <sys_customer_update>false</sys_customer_update>
        <sys_id>b5d9c075db336b003d67ff361d96197d</sys_id>
        <sys_mod_count>0</sys_mod_count>
        <sys_name>Demands from Project</sys_name>
        <sys_package display_value="Demand" source="x_mscdx_demand">ae8094b3db6be700144cfbc61d9619fa</sys_package>
        <sys_policy/>
        <sys_replace_on_upgrade>false</sys_replace_on_upgrade>
        <sys_scope display_value="Demand">ae8094b3db6be700144cfbc61d9619fa</sys_scope>
        <sys_update_name>sys_report_b5d9c075db336b003d67ff361d96197d</sys_update_name>
        <sys_updated_by>L18954</sys_updated_by>
        <sys_updated_on>2019-02-23 15:43:58</sys_updated_on>
        <table>x_mscdx_demand_demand</table>
        <title>Demands from Project</title>
        <title_horizontal_alignment>center</title_horizontal_alignment>
        <title_vertical_alignment>top</title_vertical_alignment>
        <to/>
        <trend_field/>
        <type>single_score</type>
        <upper_limit/>
        <use_color_heatmap>false</use_color_heatmap>
        <use_color_palette>false</use_color_palette>
        <user>0b13b005dbee13404762f7871d9619d1</user>
        <x_axis_display_grid>false</x_axis_display_grid>
        <x_axis_grid_color display_value="LightGrey">65b30308a9fe3dba01ebaa03e87e7cd3</x_axis_grid_color>
        <x_axis_grid_dotted>false</x_axis_grid_dotted>
        <x_axis_grid_width>1</x_axis_grid_width>
        <x_axis_label_bold>false</x_axis_label_bold>
        <x_axis_label_color/>
        <x_axis_label_size>11</x_axis_label_size>
        <x_axis_opposite>false</x_axis_opposite>
        <x_axis_title/>
        <x_axis_title_bold>true</x_axis_title_bold>
        <x_axis_title_color display_value="Black">65b30218a9fe3dba0120df8611520d97</x_axis_title_color>
        <x_axis_title_size>12</x_axis_title_size>
        <y_axis_display_grid>true</y_axis_display_grid>
        <y_axis_from/>
        <y_axis_grid_color display_value="LightGrey">65b30308a9fe3dba01ebaa03e87e7cd3</y_axis_grid_color>
        <y_axis_grid_dotted>false</y_axis_grid_dotted>
        <y_axis_grid_width>1</y_axis_grid_width>
        <y_axis_label_bold>false</y_axis_label_bold>
        <y_axis_label_color/>
        <y_axis_label_size>11</y_axis_label_size>
        <y_axis_opposite>false</y_axis_opposite>
        <y_axis_title/>
        <y_axis_title_bold>true</y_axis_title_bold>
        <y_axis_title_color display_value="Black">65b30218a9fe3dba0120df8611520d97</y_axis_title_color>
        <y_axis_title_size>12</y_axis_title_size>
        <y_axis_to/>
    </sys_report>
</record_update>
