<?xml version="1.0" encoding="UTF-8"?>
<record_update table="sys_relationship">
    <sys_relationship action="INSERT_OR_UPDATE">
        <advanced>false</advanced>
        <apply_to/>
        <basic_apply_to>x_mscdx_demand_demand</basic_apply_to>
        <basic_query_from>x_mscdx_demand_demand_task</basic_query_from>
        <insert_callback/>
        <name>Demand Tasks</name>
        <query_from/>
        <query_with><![CDATA[(function refineQuery(current, parent) {

	// Add your code here, such as current.addQuery(field, value);
	
	current.addQuery('parent',parent.number);

})(current, parent);]]></query_with>
        <reference_field>assigned_to</reference_field>
        <related_list/>
        <simple_reference>false</simple_reference>
        <sys_class_name>sys_relationship</sys_class_name>
        <sys_created_by>L18954</sys_created_by>
        <sys_created_on>2019-02-20 12:40:12</sys_created_on>
        <sys_customer_update>false</sys_customer_update>
        <sys_id>15d2c4b8dbbbab00144cfbc61d9619fa</sys_id>
        <sys_mod_count>0</sys_mod_count>
        <sys_name>Demand Tasks</sys_name>
        <sys_package display_value="Demand" source="x_mscdx_demand">ae8094b3db6be700144cfbc61d9619fa</sys_package>
        <sys_policy/>
        <sys_replace_on_upgrade>false</sys_replace_on_upgrade>
        <sys_scope display_value="Demand">ae8094b3db6be700144cfbc61d9619fa</sys_scope>
        <sys_update_name>sys_relationship_15d2c4b8dbbbab00144cfbc61d9619fa</sys_update_name>
        <sys_updated_by>L18954</sys_updated_by>
        <sys_updated_on>2019-02-20 12:40:12</sys_updated_on>
    </sys_relationship>
    <sys_translated_text action="delete_multiple" query="documentkey=15d2c4b8dbbbab00144cfbc61d9619fa"/>
</record_update>
