<?xml version="1.0" encoding="UTF-8"?>
<record_update table="sys_dictionary_override">
    <sys_dictionary_override action="INSERT_OR_UPDATE">
        <attributes/>
        <attributes_override>false</attributes_override>
        <base_table>task</base_table>
        <calculation/>
        <calculation_override>false</calculation_override>
        <default_value/>
        <default_value_override>false</default_value_override>
        <dependent/>
        <dependent_override>false</dependent_override>
        <display_override>false</display_override>
        <element>description</element>
        <mandatory>false</mandatory>
        <mandatory_override>true</mandatory_override>
        <name>x_mscdx_demand_demand_task</name>
        <read_only>false</read_only>
        <read_only_override>false</read_only_override>
        <reference_qual/>
        <reference_qual_override>false</reference_qual_override>
        <sys_class_name>sys_dictionary_override</sys_class_name>
        <sys_created_by>L18954</sys_created_by>
        <sys_created_on>2019-02-20 12:38:56</sys_created_on>
        <sys_customer_update>false</sys_customer_update>
        <sys_id>42b284b8dbbbab00144cfbc61d96197b</sys_id>
        <sys_mod_count>1</sys_mod_count>
        <sys_name>description</sys_name>
        <sys_package display_value="Demand" source="x_mscdx_demand">ae8094b3db6be700144cfbc61d9619fa</sys_package>
        <sys_policy/>
        <sys_replace_on_upgrade>false</sys_replace_on_upgrade>
        <sys_scope display_value="Demand">ae8094b3db6be700144cfbc61d9619fa</sys_scope>
        <sys_update_name>sys_dictionary_override_42b284b8dbbbab00144cfbc61d96197b</sys_update_name>
        <sys_updated_by>L18954</sys_updated_by>
        <sys_updated_on>2019-02-20 12:38:56</sys_updated_on>
    </sys_dictionary_override>
</record_update>
