<?xml version="1.0" encoding="UTF-8"?>
<record_update sys_domain="global" table="sys_app_module">
    <sys_app_module action="INSERT_OR_UPDATE">
        <active>true</active>
        <application display_value="Demand">bf9958c1dbf3e7003d67ff361d961907</application>
        <assessment/>
        <content_page/>
        <device_type/>
        <filter/>
        <hint>Overview of Demands</hint>
        <homepage display_value="Demands Homepage">67b58071db336b003d67ff361d9619ed</homepage>
        <image/>
        <link_type>HOMEPAGE</link_type>
        <map_page/>
        <mobile_title>Homepage</mobile_title>
        <mobile_view_name>Mobile</mobile_view_name>
        <name/>
        <order>10</order>
        <override_menu_roles>false</override_menu_roles>
        <query/>
        <report/>
        <roles>x_mscdx_demand.demand_admin</roles>
        <survey/>
        <survey_overwrite>true</survey_overwrite>
        <sys_class_name>sys_app_module</sys_class_name>
        <sys_created_by>L18954</sys_created_by>
        <sys_created_on>2019-02-23 19:33:50</sys_created_on>
        <sys_customer_update>false</sys_customer_update>
        <sys_domain>global</sys_domain>
        <sys_domain_path>/</sys_domain_path>
        <sys_id>685e3cfddb736b003d67ff361d961926</sys_id>
        <sys_mod_count>3</sys_mod_count>
        <sys_name>Homepage</sys_name>
        <sys_overrides/>
        <sys_package display_value="Demand" source="x_mscdx_demand">ae8094b3db6be700144cfbc61d9619fa</sys_package>
        <sys_policy/>
        <sys_replace_on_upgrade>false</sys_replace_on_upgrade>
        <sys_scope display_value="Demand">ae8094b3db6be700144cfbc61d9619fa</sys_scope>
        <sys_update_name>sys_app_module_685e3cfddb736b003d67ff361d961926</sys_update_name>
        <sys_updated_by>L18954</sys_updated_by>
        <sys_updated_on>2019-02-26 16:43:59</sys_updated_on>
        <timeline_page/>
        <title>Homepage</title>
        <uncancelable>false</uncancelable>
        <view_name/>
        <window_name/>
    </sys_app_module>
</record_update>
