<?xml version="1.0" encoding="UTF-8"?>
<record_update table="sys_hub_flow_block">
    <sys_hub_flow_block action="INSERT_OR_UPDATE">
        <label_cache/>
        <name/>
        <sys_class_name>sys_hub_flow_block</sys_class_name>
        <sys_created_by>L18954</sys_created_by>
        <sys_created_on>2019-02-19 20:05:46</sys_created_on>
        <sys_customer_update>false</sys_customer_update>
        <sys_id>3d6f5c6cdbff6b00144cfbc61d96194e</sys_id>
        <sys_mod_count>0</sys_mod_count>
        <sys_name/>
        <sys_package display_value="Demand" source="x_mscdx_demand">ae8094b3db6be700144cfbc61d9619fa</sys_package>
        <sys_policy/>
        <sys_replace_on_upgrade>false</sys_replace_on_upgrade>
        <sys_scope display_value="Demand">ae8094b3db6be700144cfbc61d9619fa</sys_scope>
        <sys_update_name>sys_hub_flow_block_3d6f5c6cdbff6b00144cfbc61d96194e</sys_update_name>
        <sys_updated_by>L18954</sys_updated_by>
        <sys_updated_on>2019-02-19 20:05:46</sys_updated_on>
    </sys_hub_flow_block>
</record_update>
