<?xml version="1.0" encoding="UTF-8"?>
<record_update table="sys_properties">
    <sys_properties action="INSERT_OR_UPDATE">
        <choices/>
        <description>Minimum number of characters that a project id may have.</description>
        <ignore_cache>false</ignore_cache>
        <is_private>false</is_private>
        <name>x_mscdx_demand.project.minimum.id.length</name>
        <read_roles>x_mscdx_demand.demand_admin</read_roles>
        <suffix>project.minimum.id.length</suffix>
        <sys_class_name>sys_properties</sys_class_name>
        <sys_created_by>L18954</sys_created_by>
        <sys_created_on>2019-03-02 14:23:21</sys_created_on>
        <sys_customer_update>false</sys_customer_update>
        <sys_id>253abbb7db7faf003d67ff361d961997</sys_id>
        <sys_mod_count>5</sys_mod_count>
        <sys_name>x_mscdx_demand.project.minimum.id.length</sys_name>
        <sys_package display_value="Demand" source="x_mscdx_demand">ae8094b3db6be700144cfbc61d9619fa</sys_package>
        <sys_policy/>
        <sys_replace_on_upgrade>false</sys_replace_on_upgrade>
        <sys_scope display_value="Demand">ae8094b3db6be700144cfbc61d9619fa</sys_scope>
        <sys_update_name>sys_properties_253abbb7db7faf003d67ff361d961997</sys_update_name>
        <sys_updated_by>L18954</sys_updated_by>
        <sys_updated_on>2019-03-04 10:48:09</sys_updated_on>
        <type>integer</type>
        <value>6</value>
        <write_roles>x_mscdx_demand.demand_admin</write_roles>
    </sys_properties>
    <sys_translated_text action="delete_multiple" query="documentkey=253abbb7db7faf003d67ff361d961997"/>
</record_update>
