<?xml version="1.0" encoding="UTF-8"?>
<record_update table="sys_script_include">
    <sys_script_include action="INSERT_OR_UPDATE">
        <access>public</access>
        <active>true</active>
        <api_name>x_mscdx_demand.demandUtils</api_name>
        <client_callable>true</client_callable>
        <description>Additional functions for demand applications</description>
        <name>demandUtils</name>
        <script><![CDATA[var demandUtils = Class.create();
demandUtils.prototype = Object.extendsObject(global.AbstractAjaxProcessor, {
	
	
	/**
	 *
	 * Gets the approver for a given affected module
	 *
	 * @param {string} affectedModule - name of the affected module, must contain value from the dictionary
	 * @return {JSON} a object containing both the value and displayValue of the approver
	 *
	**/
	getModuleApprover: function(affectedModule){
		var moduleName = this.getParameter('sysparm_affected_module') ? this.getParameter('sysparm_affected_module') : affectedModule;
		var returnApprover = {};
		var approver = new GlideRecord('x_mscdx_demand_demand_approvers');
		approver.addQuery('u_module',moduleName);
		approver.addQuery('u_active',true);
		approver.orderBy('u_order');
		approver.setLimit(1);
		approver.query();
		if (approver.hasNext()){
			while (approver.next()){
				returnApprover.value = approver.getValue('u_approver');
				returnApprover.displayValue = approver.getDisplayValue('u_approver');

				return JSON.stringify(returnApprover);
			}
		} else {
			return;
		}
	},
	
	/**
	 *
	 * Gets project data from the configoration table.
	 *
	 * @param {string} projectNumber - sys_id of the project record
	 * @return {JSON} a object containing projectName, projectManager and display value of the Project Manager
	 *
	**/
	getProjectData: function(projectNumber) {
		var projectId = this.getParameter('sysparm_projectNumber') ? this.getParameter('sysparm_projectNumber') : projectNumber;
		
		var returnProjectData = {};
		
		var project = new GlideRecord('x_mscdx_demand_projects');
		project.addQuery('sys_id', projectId);
		project.setLimit(1);
		project.query();
		
		if(project.hasNext()) {
			while (project.next()) {
				returnProjectData.projectName = project.getValue('u_project_name');
				returnProjectData.projectManager = project.getValue('u_project_manager');
				returnProjectData.projectManagerDisplay = project.getDisplayValue('u_project_manager');
				
				return JSON.stringify(returnProjectData);
			}
		} else {
			return;
		}
	},
	
	
	/**
	 *
	 * Search for all Demands where parent state is Closed Completed and change state to Completed.
	 *
	**/
	closeCompletedDemands: function() {
		var demandRecord = new GlideRecord('x_mscdx_demand_demand');
		demandRecord.addEncodedQuery('u_stage=deployment^parentISNOTEMPTY^parent.state=3^state!=3');
		demandRecord.query();

		demandRecord.setValue('state',3);
		demandRecord.updateMultiple();

	},
	
	/**
	 *
	 * Validates project number against comany policy and settings.
	 *
	 * @param {string} projectNumber - sys_id of the project record
	 * @return {JSON} a object containing positive validation
	 *
	**/
	validateProjectId: function(projectNumber){
		var projectId = this.getParameter('sysparm_projectNumber') ? this.getParameter('sysparm_projectNumber') : projectNumber;
		var prefix = gs.getProperty('x_mscdx_demand.project.prefix');
		var min = parseInt(gs.getProperty('x_mscdx_demand.project.minimum.id.length'));
		var max = parseInt(gs.getProperty('x_mscdx_demand.project.maximum.id.length'));
		var pattern = prefix + '[0-9]{' + (min-1) + ',' + (max-1) +'}';
		
		if (projectId.length >= min && projectId.length <= max){
			
			if (projectId.match(pattern)){
				
				var response = {};
				response.match = true;
				
				return JSON.stringify(response);
				
			} else {
				return;
			}
			
		} else {
			return;
		}
		
	},
	
    type: 'demandUtils'
});]]></script>
        <sys_class_name>sys_script_include</sys_class_name>
        <sys_created_by>L18954</sys_created_by>
        <sys_created_on>2019-02-21 10:03:25</sys_created_on>
        <sys_customer_update>false</sys_customer_update>
        <sys_id>7c78240ddbf3e7003d67ff361d96191e</sys_id>
        <sys_mod_count>25</sys_mod_count>
        <sys_name>demandUtils</sys_name>
        <sys_package display_value="Demand" source="x_mscdx_demand">ae8094b3db6be700144cfbc61d9619fa</sys_package>
        <sys_policy/>
        <sys_replace_on_upgrade>false</sys_replace_on_upgrade>
        <sys_scope display_value="Demand">ae8094b3db6be700144cfbc61d9619fa</sys_scope>
        <sys_update_name>sys_script_include_7c78240ddbf3e7003d67ff361d96191e</sys_update_name>
        <sys_updated_by>L18954</sys_updated_by>
        <sys_updated_on>2019-03-02 14:43:30</sys_updated_on>
    </sys_script_include>
</record_update>
