<?xml version="1.0" encoding="UTF-8"?>
<record_update table="sys_security_acl">
    <sys_security_acl action="INSERT_OR_UPDATE">
        <active>true</active>
        <admin_overrides>true</admin_overrides>
        <advanced>false</advanced>
        <condition/>
        <description>Default access control on x_mscdx_demand_demand_task</description>
        <name>x_mscdx_demand_demand_task</name>
        <operation display_value="create">create</operation>
        <script/>
        <sys_class_name>sys_security_acl</sys_class_name>
        <sys_created_by>L18954</sys_created_by>
        <sys_created_on>2019-02-20 12:30:48</sys_created_on>
        <sys_customer_update>false</sys_customer_update>
        <sys_id>76d08038dbbbab00144cfbc61d96193b</sys_id>
        <sys_mod_count>0</sys_mod_count>
        <sys_name>x_mscdx_demand_demand_task</sys_name>
        <sys_package display_value="Demand" source="x_mscdx_demand">ae8094b3db6be700144cfbc61d9619fa</sys_package>
        <sys_policy/>
        <sys_replace_on_upgrade>false</sys_replace_on_upgrade>
        <sys_scope display_value="Demand">ae8094b3db6be700144cfbc61d9619fa</sys_scope>
        <sys_update_name>sys_security_acl_76d08038dbbbab00144cfbc61d96193b</sys_update_name>
        <sys_updated_by>L18954</sys_updated_by>
        <sys_updated_on>2019-02-20 12:30:48</sys_updated_on>
        <type display_value="record">record</type>
    </sys_security_acl>
</record_update>
