<?xml version="1.0" encoding="UTF-8"?>
<record_update table="sys_embedded_help_role">
    <sys_embedded_help_role action="INSERT_OR_UPDATE">
        <order>1000</order>
        <role display_value="x_mscdx_demand.demand_requester" name="x_mscdx_demand.demand_requester">e57ac69cdb7b6b00144cfbc61d9619ff</role>
        <sys_class_name>sys_embedded_help_role</sys_class_name>
        <sys_created_by>L18954</sys_created_by>
        <sys_created_on>2019-02-19 09:15:28</sys_created_on>
        <sys_customer_update>false</sys_customer_update>
        <sys_id>b78ace50dbbb6b00144cfbc61d9619f2</sys_id>
        <sys_mod_count>0</sys_mod_count>
        <sys_name>e57ac69cdb7b6b00144cfbc61d9619ff</sys_name>
        <sys_package display_value="Demand" source="x_mscdx_demand">ae8094b3db6be700144cfbc61d9619fa</sys_package>
        <sys_policy/>
        <sys_replace_on_upgrade>false</sys_replace_on_upgrade>
        <sys_scope display_value="Demand">ae8094b3db6be700144cfbc61d9619fa</sys_scope>
        <sys_update_name>sys_embedded_help_role_b78ace50dbbb6b00144cfbc61d9619f2</sys_update_name>
        <sys_updated_by>L18954</sys_updated_by>
        <sys_updated_on>2019-02-19 09:15:28</sys_updated_on>
    </sys_embedded_help_role>
</record_update>
