<?xml version="1.0" encoding="UTF-8"?>
<record_update table="sys_properties_category_m2m">
    <sys_properties_category_m2m action="INSERT_OR_UPDATE">
        <category display_value="Demand Properties">4a06d041dbf3e7003d67ff361d9619a2</category>
        <order>300</order>
        <property display_value="x_mscdx_demand.project.maximum.id.length" name="x_mscdx_demand.project.maximum.id.length">42aa73f7db7faf003d67ff361d961919</property>
        <sys_class_name>sys_properties_category_m2m</sys_class_name>
        <sys_created_by>L18954</sys_created_by>
        <sys_created_on>2019-03-02 14:25:35</sys_created_on>
        <sys_customer_update>false</sys_customer_update>
        <sys_id>310b3bf7db7faf003d67ff361d961963</sys_id>
        <sys_mod_count>0</sys_mod_count>
        <sys_name>x_mscdx_demand.project.maximum.id.length.Demand Properties</sys_name>
        <sys_package display_value="Demand" source="x_mscdx_demand">ae8094b3db6be700144cfbc61d9619fa</sys_package>
        <sys_policy/>
        <sys_replace_on_upgrade>false</sys_replace_on_upgrade>
        <sys_scope display_value="Demand">ae8094b3db6be700144cfbc61d9619fa</sys_scope>
        <sys_update_name>sys_properties_category_m2m_310b3bf7db7faf003d67ff361d961963</sys_update_name>
        <sys_updated_by>L18954</sys_updated_by>
        <sys_updated_on>2019-03-02 14:25:35</sys_updated_on>
    </sys_properties_category_m2m>
</record_update>
