<?xml version="1.0" encoding="UTF-8"?>
<record_update table="sys_atf_step">
    <sys_atf_step action="INSERT_OR_UPDATE">
        <active>true</active>
        <description>Update a record into 'x_mscdx_demand_demand_task' with the following values: 
Status = Closed Complete
and Solution design = This is an auto-generated solution for test pourposes, it is not valid:&#13;
&#13;
1. Open a new Demand Form&#13;
2. Fill in all mandatory fileds&#13;
3. Submit the form.&#13;
4. Impersonate application owner&#13;
5. Query for approval record&#13;
6. Set approval state to approved&#13;
7. Impersonate admin&#13;
8. Query for the Solution task where parent is the created demand.&#13;
9. Fill in solution.&#13;
10. Change the state to Closed Completed&#13;
11. Submit the form.</description>
        <display_name>Record Update</display_name>
        <inputs/>
        <inputs/>
        <order>9</order>
        <step_config display_value="Record Update">17a72288df60220062fe6c7a4df26397</step_config>
        <sys_class_name>sys_atf_step</sys_class_name>
        <sys_created_by>L18954</sys_created_by>
        <sys_created_on>2019-02-23 08:23:02</sys_created_on>
        <sys_customer_update>false</sys_customer_update>
        <sys_id>e034a2e9db3f2b003d67ff361d961902</sys_id>
        <sys_mod_count>0</sys_mod_count>
        <sys_name>Record Update</sys_name>
        <sys_package display_value="Demand" source="x_mscdx_demand">ae8094b3db6be700144cfbc61d9619fa</sys_package>
        <sys_policy/>
        <sys_replace_on_upgrade>false</sys_replace_on_upgrade>
        <sys_scope display_value="Demand">ae8094b3db6be700144cfbc61d9619fa</sys_scope>
        <sys_update_name>sys_atf_step_e034a2e9db3f2b003d67ff361d961902</sys_update_name>
        <sys_updated_by>L18954</sys_updated_by>
        <sys_updated_on>2019-02-23 08:23:02</sys_updated_on>
        <table>x_mscdx_demand_demand_task</table>
        <test display_value="Demand Lifecycle Test">59df9e2ddbfb2b003d67ff361d9619b4</test>
        <timeout/>
    </sys_atf_step>
    <sys_variable_value action="delete_multiple" query="document_key=e034a2e9db3f2b003d67ff361d961902"/>
    <sys_variable_value action="INSERT_OR_UPDATE">
        <document>sys_atf_step</document>
        <document_key>e034a2e9db3f2b003d67ff361d961902</document_key>
        <order>300</order>
        <sys_class_name>sys_variable_value</sys_class_name>
        <sys_created_by>L18954</sys_created_by>
        <sys_created_on>2019-02-23 08:23:02</sys_created_on>
        <sys_id>32e4eee9db3f2b003d67ff361d961973</sys_id>
        <sys_mod_count>0</sys_mod_count>
        <sys_updated_by>L18954</sys_updated_by>
        <sys_updated_on>2019-02-23 08:23:02</sys_updated_on>
        <value/>
        <variable display_value="">501c8f535320220002c6435723dc34da</variable>
    </sys_variable_value>
    <sys_variable_value action="INSERT_OR_UPDATE">
        <document>sys_atf_step</document>
        <document_key>e034a2e9db3f2b003d67ff361d961902</document_key>
        <order>400</order>
        <sys_class_name>sys_variable_value</sys_class_name>
        <sys_created_by>L18954</sys_created_by>
        <sys_created_on>2019-02-23 08:23:02</sys_created_on>
        <sys_id>7ae4eee9db3f2b003d67ff361d961973</sys_id>
        <sys_mod_count>0</sys_mod_count>
        <sys_updated_by>L18954</sys_updated_by>
        <sys_updated_on>2019-02-23 08:23:02</sys_updated_on>
        <value>state=3^description=This is an auto-generated solution for test pourposes, it is not valid:&#13;
&#13;
1. Open a new Demand Form&#13;
2. Fill in all mandatory fileds&#13;
3. Submit the form.&#13;
4. Impersonate application owner&#13;
5. Query for approval record&#13;
6. Set approval state to approved&#13;
7. Impersonate admin&#13;
8. Query for the Solution task where parent is the created demand.&#13;
9. Fill in solution.&#13;
10. Change the state to Closed Completed&#13;
11. Submit the form.^EQ</value>
        <variable display_value="">bc4c43935320220002c6435723dc34a2</variable>
    </sys_variable_value>
    <sys_variable_value action="INSERT_OR_UPDATE">
        <document>sys_atf_step</document>
        <document_key>e034a2e9db3f2b003d67ff361d961902</document_key>
        <order>200</order>
        <sys_class_name>sys_variable_value</sys_class_name>
        <sys_created_by>L18954</sys_created_by>
        <sys_created_on>2019-02-23 08:23:02</sys_created_on>
        <sys_id>b6e4eee9db3f2b003d67ff361d961973</sys_id>
        <sys_mod_count>0</sys_mod_count>
        <sys_updated_by>L18954</sys_updated_by>
        <sys_updated_on>2019-02-23 08:23:02</sys_updated_on>
        <value>x_mscdx_demand_demand_task</value>
        <variable display_value="">53fb0f535320220002c6435723dc34ec</variable>
    </sys_variable_value>
    <sys_variable_value action="INSERT_OR_UPDATE">
        <document>sys_atf_step</document>
        <document_key>e034a2e9db3f2b003d67ff361d961902</document_key>
        <order>100</order>
        <sys_class_name>sys_variable_value</sys_class_name>
        <sys_created_by>L18954</sys_created_by>
        <sys_created_on>2019-02-23 08:23:02</sys_created_on>
        <sys_id>f2e4eee9db3f2b003d67ff361d961973</sys_id>
        <sys_mod_count>0</sys_mod_count>
        <sys_updated_by>L18954</sys_updated_by>
        <sys_updated_on>2019-02-23 08:23:02</sys_updated_on>
        <value>1</value>
        <variable display_value="">46dbcb535320220002c6435723dc3409</variable>
    </sys_variable_value>
    <sys_element_mapping action="delete_multiple" query="id=e034a2e9db3f2b003d67ff361d961902"/>
    <sys_element_mapping action="INSERT_OR_UPDATE">
        <field>field_values</field>
        <id>e034a2e9db3f2b003d67ff361d961902</id>
        <sys_created_by>L18954</sys_created_by>
        <sys_created_on>2019-02-23 08:23:02</sys_created_on>
        <sys_id>bee4eee9db3f2b003d67ff361d961972</sys_id>
        <sys_mod_count>0</sys_mod_count>
        <sys_updated_by>L18954</sys_updated_by>
        <sys_updated_on>2019-02-23 08:23:02</sys_updated_on>
        <table>var__m_atf_input_variable_17a72288df60220062fe6c7a4df26397</table>
        <value/>
    </sys_element_mapping>
    <sys_element_mapping action="INSERT_OR_UPDATE">
        <field>record_id</field>
        <id>e034a2e9db3f2b003d67ff361d961902</id>
        <sys_created_by>L18954</sys_created_by>
        <sys_created_on>2019-02-23 08:23:02</sys_created_on>
        <sys_id>3ae4eee9db3f2b003d67ff361d961972</sys_id>
        <sys_mod_count>0</sys_mod_count>
        <sys_updated_by>L18954</sys_updated_by>
        <sys_updated_on>2019-02-23 08:23:02</sys_updated_on>
        <table>var__m_atf_input_variable_17a72288df60220062fe6c7a4df26397</table>
        <value>{{step['14042ae9db3f2b003d67ff361d96198d'].first_record}}</value>
    </sys_element_mapping>
    <sys_element_mapping action="INSERT_OR_UPDATE">
        <field>table</field>
        <id>e034a2e9db3f2b003d67ff361d961902</id>
        <sys_created_by>L18954</sys_created_by>
        <sys_created_on>2019-02-23 08:23:02</sys_created_on>
        <sys_id>fae4eee9db3f2b003d67ff361d961972</sys_id>
        <sys_mod_count>0</sys_mod_count>
        <sys_updated_by>L18954</sys_updated_by>
        <sys_updated_on>2019-02-23 08:23:02</sys_updated_on>
        <table>var__m_atf_input_variable_17a72288df60220062fe6c7a4df26397</table>
        <value/>
    </sys_element_mapping>
</record_update>
