<?xml version="1.0" encoding="UTF-8"?>
<record_update sys_domain="global" table="sys_embedded_tour_step">
    <sys_embedded_tour_step action="INSERT_OR_UPDATE">
        <action>false</action>
        <action_event>next</action_event>
        <action_target/>
        <action_target_ref display_value="a7d1a406dbfb6b003d67ff361d9619bc.1.xpath">dae6ec86dbfb6b003d67ff361d9619f3</action_target_ref>
        <active>true</active>
        <content><![CDATA[Select the "Create normal Demand" option.]]></content>
        <guide/>
        <implicit>false</implicit>
        <link/>
        <name>Step 1</name>
        <options/>
        <order>1</order>
        <placement>bottom</placement>
        <sys_class_name>sys_embedded_tour_step</sys_class_name>
        <sys_created_by>L18954</sys_created_by>
        <sys_created_on>2019-02-24 12:29:28</sys_created_on>
        <sys_customer_update>false</sys_customer_update>
        <sys_domain>global</sys_domain>
        <sys_id>12e62886dbfb6b003d67ff361d9619cf</sys_id>
        <sys_mod_count>0</sys_mod_count>
        <sys_name>Step 1</sys_name>
        <sys_overrides/>
        <sys_package display_value="Demand" source="x_mscdx_demand">ae8094b3db6be700144cfbc61d9619fa</sys_package>
        <sys_policy/>
        <sys_replace_on_upgrade>false</sys_replace_on_upgrade>
        <sys_scope display_value="Demand">ae8094b3db6be700144cfbc61d9619fa</sys_scope>
        <sys_update_name>sys_embedded_tour_step_12e62886dbfb6b003d67ff361d9619cf</sys_update_name>
        <sys_updated_by>L18954</sys_updated_by>
        <sys_updated_on>2019-02-24 12:29:28</sys_updated_on>
        <target/>
        <target_ref display_value="a7d1a406dbfb6b003d67ff361d9619bc.1.xpath">dae6ec86dbfb6b003d67ff361d9619f3</target_ref>
        <ui_version>dynamic</ui_version>
        <view/>
        <window>wizard_view.do</window>
    </sys_embedded_tour_step>
    <sys_translated_text action="delete_multiple" query="documentkey=12e62886dbfb6b003d67ff361d9619cf"/>
</record_update>
