<?xml version="1.0" encoding="UTF-8"?>
<record_update table="sys_atf_step">
    <sys_atf_step action="INSERT_OR_UPDATE">
        <active>true</active>
        <description>Update a record into 'sysapproval_approver' with the following values: 
State = Approved</description>
        <display_name>Record Update</display_name>
        <inputs/>
        <inputs/>
        <order>6</order>
        <step_config display_value="Record Update">17a72288df60220062fe6c7a4df26397</step_config>
        <sys_class_name>sys_atf_step</sys_class_name>
        <sys_created_by>L18954</sys_created_by>
        <sys_created_on>2019-02-23 08:18:09</sys_created_on>
        <sys_customer_update>false</sys_customer_update>
        <sys_id>94b32a29db3f2b003d67ff361d961992</sys_id>
        <sys_mod_count>0</sys_mod_count>
        <sys_name>Record Update</sys_name>
        <sys_package display_value="Demand" source="x_mscdx_demand">ae8094b3db6be700144cfbc61d9619fa</sys_package>
        <sys_policy/>
        <sys_replace_on_upgrade>false</sys_replace_on_upgrade>
        <sys_scope display_value="Demand">ae8094b3db6be700144cfbc61d9619fa</sys_scope>
        <sys_update_name>sys_atf_step_94b32a29db3f2b003d67ff361d961992</sys_update_name>
        <sys_updated_by>L18954</sys_updated_by>
        <sys_updated_on>2019-02-23 08:18:09</sys_updated_on>
        <table>sysapproval_approver</table>
        <test display_value="Demand Lifecycle Test">59df9e2ddbfb2b003d67ff361d9619b4</test>
        <timeout/>
    </sys_atf_step>
    <sys_variable_value action="delete_multiple" query="document_key=94b32a29db3f2b003d67ff361d961992"/>
    <sys_variable_value action="INSERT_OR_UPDATE">
        <document>sys_atf_step</document>
        <document_key>94b32a29db3f2b003d67ff361d961992</document_key>
        <order>400</order>
        <sys_class_name>sys_variable_value</sys_class_name>
        <sys_created_by>L18954</sys_created_by>
        <sys_created_on>2019-02-23 08:18:09</sys_created_on>
        <sys_id>23c362e9db3f2b003d67ff361d9619b7</sys_id>
        <sys_mod_count>0</sys_mod_count>
        <sys_updated_by>L18954</sys_updated_by>
        <sys_updated_on>2019-02-23 08:18:09</sys_updated_on>
        <value>state=approved^EQ</value>
        <variable display_value="">bc4c43935320220002c6435723dc34a2</variable>
    </sys_variable_value>
    <sys_variable_value action="INSERT_OR_UPDATE">
        <document>sys_atf_step</document>
        <document_key>94b32a29db3f2b003d67ff361d961992</document_key>
        <order>200</order>
        <sys_class_name>sys_variable_value</sys_class_name>
        <sys_created_by>L18954</sys_created_by>
        <sys_created_on>2019-02-23 08:18:09</sys_created_on>
        <sys_id>6fc362e9db3f2b003d67ff361d9619b6</sys_id>
        <sys_mod_count>0</sys_mod_count>
        <sys_updated_by>L18954</sys_updated_by>
        <sys_updated_on>2019-02-23 08:18:09</sys_updated_on>
        <value>sysapproval_approver</value>
        <variable display_value="">53fb0f535320220002c6435723dc34ec</variable>
    </sys_variable_value>
    <sys_variable_value action="INSERT_OR_UPDATE">
        <document>sys_atf_step</document>
        <document_key>94b32a29db3f2b003d67ff361d961992</document_key>
        <order>100</order>
        <sys_class_name>sys_variable_value</sys_class_name>
        <sys_created_by>L18954</sys_created_by>
        <sys_created_on>2019-02-23 08:18:09</sys_created_on>
        <sys_id>abc362e9db3f2b003d67ff361d9619b6</sys_id>
        <sys_mod_count>0</sys_mod_count>
        <sys_updated_by>L18954</sys_updated_by>
        <sys_updated_on>2019-02-23 08:18:09</sys_updated_on>
        <value>1</value>
        <variable display_value="">46dbcb535320220002c6435723dc3409</variable>
    </sys_variable_value>
    <sys_variable_value action="INSERT_OR_UPDATE">
        <document>sys_atf_step</document>
        <document_key>94b32a29db3f2b003d67ff361d961992</document_key>
        <order>300</order>
        <sys_class_name>sys_variable_value</sys_class_name>
        <sys_created_by>L18954</sys_created_by>
        <sys_created_on>2019-02-23 08:18:09</sys_created_on>
        <sys_id>e7c362e9db3f2b003d67ff361d9619b6</sys_id>
        <sys_mod_count>0</sys_mod_count>
        <sys_updated_by>L18954</sys_updated_by>
        <sys_updated_on>2019-02-23 08:18:09</sys_updated_on>
        <value/>
        <variable display_value="">501c8f535320220002c6435723dc34da</variable>
    </sys_variable_value>
    <sys_element_mapping action="delete_multiple" query="id=94b32a29db3f2b003d67ff361d961992"/>
    <sys_element_mapping action="INSERT_OR_UPDATE">
        <field>field_values</field>
        <id>94b32a29db3f2b003d67ff361d961992</id>
        <sys_created_by>L18954</sys_created_by>
        <sys_created_on>2019-02-23 08:18:09</sys_created_on>
        <sys_id>67c362e9db3f2b003d67ff361d9619b6</sys_id>
        <sys_mod_count>0</sys_mod_count>
        <sys_updated_by>L18954</sys_updated_by>
        <sys_updated_on>2019-02-23 08:18:09</sys_updated_on>
        <table>var__m_atf_input_variable_17a72288df60220062fe6c7a4df26397</table>
        <value/>
    </sys_element_mapping>
    <sys_element_mapping action="INSERT_OR_UPDATE">
        <field>record_id</field>
        <id>94b32a29db3f2b003d67ff361d961992</id>
        <sys_created_by>L18954</sys_created_by>
        <sys_created_on>2019-02-23 08:18:09</sys_created_on>
        <sys_id>efc362e9db3f2b003d67ff361d9619b5</sys_id>
        <sys_mod_count>0</sys_mod_count>
        <sys_updated_by>L18954</sys_updated_by>
        <sys_updated_on>2019-02-23 08:18:09</sys_updated_on>
        <table>var__m_atf_input_variable_17a72288df60220062fe6c7a4df26397</table>
        <value>{{step['4b532269db3f2b003d67ff361d9619d3'].first_record}}</value>
    </sys_element_mapping>
    <sys_element_mapping action="INSERT_OR_UPDATE">
        <field>table</field>
        <id>94b32a29db3f2b003d67ff361d961992</id>
        <sys_created_by>L18954</sys_created_by>
        <sys_created_on>2019-02-23 08:18:09</sys_created_on>
        <sys_id>a3c362e9db3f2b003d67ff361d9619b6</sys_id>
        <sys_mod_count>0</sys_mod_count>
        <sys_updated_by>L18954</sys_updated_by>
        <sys_updated_on>2019-02-23 08:18:09</sys_updated_on>
        <table>var__m_atf_input_variable_17a72288df60220062fe6c7a4df26397</table>
        <value/>
    </sys_element_mapping>
</record_update>
