<?xml version="1.0" encoding="UTF-8"?>
<record_update table="sys_scope_privilege">
    <sys_scope_privilege action="INSERT_OR_UPDATE">
        <operation>read</operation>
        <source_scope display_value="Demand">ae8094b3db6be700144cfbc61d9619fa</source_scope>
        <status>allowed</status>
        <sys_class_name>sys_scope_privilege</sys_class_name>
        <sys_created_by>L18954</sys_created_by>
        <sys_created_on>2019-02-26 15:05:22</sys_created_on>
        <sys_customer_update>false</sys_customer_update>
        <sys_id>65cd5be2db372340144cfbc61d9619bf</sys_id>
        <sys_mod_count>0</sys_mod_count>
        <sys_name>sys_user_group</sys_name>
        <sys_package display_value="Demand" source="x_mscdx_demand">ae8094b3db6be700144cfbc61d9619fa</sys_package>
        <sys_policy/>
        <sys_replace_on_upgrade>false</sys_replace_on_upgrade>
        <sys_scope display_value="Demand">ae8094b3db6be700144cfbc61d9619fa</sys_scope>
        <sys_update_name>sys_scope_privilege_65cd5be2db372340144cfbc61d9619bf</sys_update_name>
        <sys_updated_by>L18954</sys_updated_by>
        <sys_updated_on>2019-02-26 15:05:22</sys_updated_on>
        <target_name>sys_user_group</target_name>
        <target_scope display_value="Global">global</target_scope>
        <target_type>sys_db_object</target_type>
    </sys_scope_privilege>
</record_update>
