<?xml version="1.0" encoding="UTF-8"?>
<record_update table="sys_db_object">
    <sys_db_object action="INSERT_OR_UPDATE">
        <access/>
        <actions_access>false</actions_access>
        <alter_access>false</alter_access>
        <client_scripts_access>false</client_scripts_access>
        <configuration_access>false</configuration_access>
        <create_access>false</create_access>
        <create_access_controls>false</create_access_controls>
        <delete_access>false</delete_access>
        <extension_model/>
        <is_extendable>false</is_extendable>
        <label>staging_legacy_demands</label>
        <live_feed_enabled>false</live_feed_enabled>
        <name>x_mscdx_demand_staging_legacy_demands</name>
        <number_ref/>
        <provider_class/>
        <read_access>true</read_access>
        <super_class display_value="Import Set Row" name="sys_import_set_row">9eff00b7db2332002429384c7c961927</super_class>
        <sys_class_code/>
        <sys_class_name>sys_db_object</sys_class_name>
        <sys_class_path/>
        <sys_created_by>L18954</sys_created_by>
        <sys_created_on>2019-03-30 10:07:10</sys_created_on>
        <sys_customer_update>false</sys_customer_update>
        <sys_id>5d6c8ff8db24fb80144cfbc61d9619bd</sys_id>
        <sys_mod_count>0</sys_mod_count>
        <sys_name>Demand Staging Legacy Demands</sys_name>
        <sys_package display_value="Demand" source="x_mscdx_demand">ae8094b3db6be700144cfbc61d9619fa</sys_package>
        <sys_policy/>
        <sys_replace_on_upgrade>false</sys_replace_on_upgrade>
        <sys_scope display_value="Demand">ae8094b3db6be700144cfbc61d9619fa</sys_scope>
        <sys_update_name>sys_db_object_5d6c8ff8db24fb80144cfbc61d9619bd</sys_update_name>
        <sys_updated_by>L18954</sys_updated_by>
        <sys_updated_on>2019-03-30 10:07:10</sys_updated_on>
        <update_access>false</update_access>
        <user_role/>
        <ws_access>true</ws_access>
    </sys_db_object>
</record_update>
