<?xml version="1.0" encoding="UTF-8"?>
<record_update table="sys_number">
    <sys_number action="INSERT_OR_UPDATE">
        <category display_value="" name="x_mscdx_demand_demand_task">x_mscdx_demand_demand_task</category>
        <maximum_digits>7</maximum_digits>
        <number>1000</number>
        <prefix>DEMTASK</prefix>
        <sys_class_name>sys_number</sys_class_name>
        <sys_created_by>L18954</sys_created_by>
        <sys_created_on>2019-02-20 12:30:49</sys_created_on>
        <sys_customer_update>false</sys_customer_update>
        <sys_id>13d04838dbbbab00144cfbc61d961958</sys_id>
        <sys_mod_count>0</sys_mod_count>
        <sys_name>DEMTASK</sys_name>
        <sys_package display_value="Demand" source="x_mscdx_demand">ae8094b3db6be700144cfbc61d9619fa</sys_package>
        <sys_policy/>
        <sys_replace_on_upgrade>false</sys_replace_on_upgrade>
        <sys_scope display_value="Demand">ae8094b3db6be700144cfbc61d9619fa</sys_scope>
        <sys_update_name>sys_number_13d04838dbbbab00144cfbc61d961958</sys_update_name>
        <sys_updated_by>L18954</sys_updated_by>
        <sys_updated_on>2019-02-20 12:30:49</sys_updated_on>
    </sys_number>
</record_update>
