<?xml version="1.0" encoding="UTF-8"?>
<record_update table="sys_hub_flow_snapshot">
    <sys_hub_flow_snapshot action="INSERT_OR_UPDATE">
        <active>true</active>
        <description>Provides automated flow of all activities connected to a Demand lifecycle</description>
        <label_cache>[{"name":"Created_1.current.parent","label":"Trigger➛Demand Record➛Parent","reference":"task","reference_display":"Parent","type":"reference","base_type":"reference","parent_table_name":"x_mscdx_demand_demand","column_name":"parent"},{"name":"ac1300db-0f90-4563-a54d-d9aa31fa1c07.table_name","label":"13➛Demand Table","reference":"x_mscdx_demand_demand","reference_display":"Demand Table"},{"name":"ac1300db-0f90-4563-a54d-d9aa31fa1c07.record","label":"13➛Demand Record","reference":"x_mscdx_demand_demand","reference_display":"Demand Record"},{"name":"f3d2a153-b14c-4e5c-ab82-910776418934.table_name","label":"11➛Demand Table","reference":"x_mscdx_demand_demand","reference_display":"Demand Table"},{"name":"f3d2a153-b14c-4e5c-ab82-910776418934.record","label":"11➛Demand Record","reference":"x_mscdx_demand_demand","reference_display":"Demand Record"},{"name":"a8c8e9e4-16d0-441f-bbee-153b93122ecf.table_name","label":"8➛Demand Table","reference":"x_mscdx_demand_demand","reference_display":"Demand Table"},{"name":"a8c8e9e4-16d0-441f-bbee-153b93122ecf.record","label":"8➛Demand Record","reference":"x_mscdx_demand_demand","reference_display":"Demand Record"},{"name":"44ffb8e2-6b19-4144-a943-afa295fdb02a.record","label":"10➛Demand Task Record","reference":"x_mscdx_demand_demand_task","reference_display":"Demand Task Record"},{"name":"Created_1.current.u_solution_design","label":"Trigger➛Demand Record➛Draft solution design","reference":"","reference_display":"Draft solution design","type":"string","base_type":"string","parent_table_name":"x_mscdx_demand_demand","column_name":"u_solution_design"},{"name":"5b1353b9-fa31-4172-a034-9d5b7781ccf4.record","label":"7➛Demand Task Record","reference":"x_mscdx_demand_demand_task","reference_display":"Demand Task Record"},{"name":"0958f964-4a58-481b-adc2-0e435e9830e4.record.number","label":"2➛Demand Task Record➛Number","reference":"","reference_display":"Number","type":"string","base_type":"string","parent_table_name":"x_mscdx_demand_demand_task","column_name":"number"},{"name":"Created_1.current.u_approver","label":"Trigger➛Demand Record➛Approver","reference":"sys_user","reference_display":"Approver","type":"reference","base_type":"reference","parent_table_name":"x_mscdx_demand_demand","column_name":"u_approver"},{"name":"0958f964-4a58-481b-adc2-0e435e9830e4.record.u_state","label":"2➛Demand Task Record➛Status","reference":"","reference_display":"Status","type":"choice","base_type":"choice","parent_table_name":"x_mscdx_demand_demand_task","column_name":"u_state","choices":[{"label":"-- None --","used":false,"reference":false,"selected":false,"rawLabel":"-- None --","image":"","missing":false,"value":""},{"used":false,"reference":false,"label":"Open","selected":false,"rawLabel":"Open","image":"","missing":false,"value":"open"},{"used":false,"reference":false,"label":"In progress","selected":false,"rawLabel":"In progress","image":"","missing":false,"value":"in_progress"},{"used":false,"reference":false,"label":"Closed Complete","selected":false,"rawLabel":"Closed Complete","image":"","missing":false,"value":"closed_complete"},{"used":false,"reference":false,"label":"Closed Cancelled","selected":false,"rawLabel":"Closed Cancelled","image":"","missing":false,"value":"closed_cancelled"}]},{"name":"0958f964-4a58-481b-adc2-0e435e9830e4.record","label":"2➛Demand Task Record","reference":"x_mscdx_demand_demand_task","reference_display":"Demand Task Record"},{"name":"Created_1.current.number","label":"Trigger➛Demand Record➛Number","reference":"","reference_display":"Number","type":"string","base_type":"string","parent_table_name":"x_mscdx_demand_demand","column_name":"number"},{"name":"{{static.779915fadb9a1f00467ffbc61d96194c}}","label":"Christian Florian Rügge","reference":"sys_user","type":"reference","base_type":"reference"},{"name":"Created_1.current","label":"Trigger➛Demand Record","reference":"x_mscdx_demand_demand","reference_display":"Demand","type":"reference","base_type":"reference"},{"name":"91e4cf75-ba0c-4866-9588-519511207b5f.approval_state","label":"1➛Approval State","reference_display":"Approval State"},{"name":"0958f964-4a58-481b-adc2-0e435e9830e4.table_name","label":"2➛Demand Task Table","reference":"x_mscdx_demand_demand_task","reference_display":"Demand Task Table"},{"name":"27a7ee27-fb55-462e-93b5-0ebf9c148c75.record","label":"3➛Demand Record","reference":"x_mscdx_demand_demand","reference_display":"Demand Record"},{"name":"27a7ee27-fb55-462e-93b5-0ebf9c148c75.table_name","label":"3➛Demand Table","reference":"x_mscdx_demand_demand","reference_display":"Demand Table"},{"name":"1653ba41-614c-41cc-845a-ca050f56e854.approval_state","label":"6➛Approval State","reference_display":"Approval State"},{"name":"5b1353b9-fa31-4172-a034-9d5b7781ccf4.table_name","label":"7➛Demand Task Table","reference":"x_mscdx_demand_demand_task","reference_display":"Demand Task Table"},{"name":"44ffb8e2-6b19-4144-a943-afa295fdb02a.table_name","label":"10➛Demand Task Table","reference":"x_mscdx_demand_demand_task","reference_display":"Demand Task Table"},{"name":"0e432834-1097-48ea-86e1-4c0d598d78ca.record","label":"5➛Demand Record","reference":"x_mscdx_demand_demand","reference_display":"Demand Record"},{"name":"0e432834-1097-48ea-86e1-4c0d598d78ca.table_name","label":"5➛Demand Table","reference":"x_mscdx_demand_demand","reference_display":"Demand Table"}]</label_cache>
        <name>Demand Lifecycle Flow</name>
        <parent_flow/>
        <remote_trigger_id/>
        <status>published</status>
        <sys_class_name>sys_hub_flow_snapshot</sys_class_name>
        <sys_created_by>L18954</sys_created_by>
        <sys_created_on>2019-02-19 18:27:29</sys_created_on>
        <sys_customer_update>false</sys_customer_update>
        <sys_id>4ae8ccecdbbf6b00144cfbc61d96199a</sys_id>
        <sys_mod_count>0</sys_mod_count>
        <sys_name>Demand Lifecycle Flow</sys_name>
        <sys_package display_value="Demand" source="x_mscdx_demand">ae8094b3db6be700144cfbc61d9619fa</sys_package>
        <sys_policy/>
        <sys_replace_on_upgrade>false</sys_replace_on_upgrade>
        <sys_scope display_value="Demand">ae8094b3db6be700144cfbc61d9619fa</sys_scope>
        <sys_update_name>sys_hub_flow_snapshot_4ae8ccecdbbf6b00144cfbc61d96199a</sys_update_name>
        <sys_updated_by>L18954</sys_updated_by>
        <sys_updated_on>2019-02-19 18:27:29</sys_updated_on>
    </sys_hub_flow_snapshot>
</record_update>
