<?xml version="1.0" encoding="UTF-8"?>
<record_update table="sys_properties_category">
    <sys_properties_category action="INSERT_OR_UPDATE">
        <name>Demand Properties</name>
        <sys_class_name>sys_properties_category</sys_class_name>
        <sys_created_by>L18954</sys_created_by>
        <sys_created_on>2019-02-21 08:44:16</sys_created_on>
        <sys_customer_update>false</sys_customer_update>
        <sys_id>4a06d041dbf3e7003d67ff361d9619a2</sys_id>
        <sys_mod_count>1</sys_mod_count>
        <sys_name>Demand Properties</sys_name>
        <sys_package display_value="Demand" source="x_mscdx_demand">ae8094b3db6be700144cfbc61d9619fa</sys_package>
        <sys_policy/>
        <sys_replace_on_upgrade>false</sys_replace_on_upgrade>
        <sys_scope display_value="Demand">ae8094b3db6be700144cfbc61d9619fa</sys_scope>
        <sys_update_name>sys_properties_category_4a06d041dbf3e7003d67ff361d9619a2</sys_update_name>
        <sys_updated_by>L18954</sys_updated_by>
        <sys_updated_on>2019-02-24 09:26:45</sys_updated_on>
        <title><![CDATA[<p><span style="font-size: 24pt;"><strong>Demand Application Properties</strong></span></p>
<p>These properties can be read and update by users with the Demand Application admin role: <em>x_mscdx_demand.demand_admin</em></p>]]></title>
    </sys_properties_category>
    <sys_translated_text action="delete_multiple" query="documentkey=4a06d041dbf3e7003d67ff361d9619a2"/>
</record_update>
