<?xml version="1.0" encoding="UTF-8"?>
<record_update>
    <sys_choice action="INSERT_OR_UPDATE" field="u_complexity" table="x_mscdx_demand_demand_task" version="3">
        <sys_choice action="INSERT_OR_UPDATE">
            <dependent_value/>
            <element>u_complexity</element>
            <hint/>
            <inactive>false</inactive>
            <label>Low</label>
            <language>en</language>
            <name>x_mscdx_demand_demand_task</name>
            <sequence>100</sequence>
            <sys_created_by>L18954</sys_created_by>
            <sys_created_on>2019-02-24 09:50:59</sys_created_on>
            <sys_domain>global</sys_domain>
            <sys_domain_path>/</sys_domain_path>
            <sys_id>a8f18c02dbbb6b003d67ff361d961948</sys_id>
            <sys_mod_count>2</sys_mod_count>
            <sys_updated_by>L18954</sys_updated_by>
            <sys_updated_on>2019-02-24 09:51:17</sys_updated_on>
            <value>low</value>
        </sys_choice>
        <sys_choice action="INSERT_OR_UPDATE">
            <dependent_value/>
            <element>u_complexity</element>
            <hint/>
            <inactive>false</inactive>
            <label>Medium</label>
            <language>en</language>
            <name>x_mscdx_demand_demand_task</name>
            <sequence>200</sequence>
            <sys_created_by>L18954</sys_created_by>
            <sys_created_on>2019-02-24 09:51:03</sys_created_on>
            <sys_domain>global</sys_domain>
            <sys_domain_path>/</sys_domain_path>
            <sys_id>89a24082dbbb6b003d67ff361d9619f6</sys_id>
            <sys_mod_count>2</sys_mod_count>
            <sys_updated_by>L18954</sys_updated_by>
            <sys_updated_on>2019-02-24 09:51:19</sys_updated_on>
            <value>medium</value>
        </sys_choice>
        <sys_choice action="INSERT_OR_UPDATE">
            <dependent_value/>
            <element>u_complexity</element>
            <hint/>
            <inactive>false</inactive>
            <label>High</label>
            <language>en</language>
            <name>x_mscdx_demand_demand_task</name>
            <sequence>300</sequence>
            <sys_created_by>L18954</sys_created_by>
            <sys_created_on>2019-02-24 09:51:07</sys_created_on>
            <sys_domain>global</sys_domain>
            <sys_domain_path>/</sys_domain_path>
            <sys_id>06a20482dbbb6b003d67ff361d96199f</sys_id>
            <sys_mod_count>2</sys_mod_count>
            <sys_updated_by>L18954</sys_updated_by>
            <sys_updated_on>2019-02-24 09:51:21</sys_updated_on>
            <value>high</value>
        </sys_choice>
        <sys_choice_set action="INSERT_OR_UPDATE">
            <element>u_complexity</element>
            <name>x_mscdx_demand_demand_task</name>
            <sys_class_name>sys_choice_set</sys_class_name>
            <sys_created_by>L18954</sys_created_by>
            <sys_created_on>2019-02-24 09:50:59</sys_created_on>
            <sys_customer_update>false</sys_customer_update>
            <sys_id>4da28082dbbb6b003d67ff361d9619e7</sys_id>
            <sys_mod_count>0</sys_mod_count>
            <sys_name>u_complexity</sys_name>
            <sys_package display_value="Demand" source="x_mscdx_demand">ae8094b3db6be700144cfbc61d9619fa</sys_package>
            <sys_policy/>
            <sys_replace_on_upgrade>false</sys_replace_on_upgrade>
            <sys_scope display_value="Demand">ae8094b3db6be700144cfbc61d9619fa</sys_scope>
            <sys_update_name>sys_choice_x_mscdx_demand_demand_task_u_complexity</sys_update_name>
            <sys_updated_by>L18954</sys_updated_by>
            <sys_updated_on>2019-02-24 09:50:59</sys_updated_on>
        </sys_choice_set>
    </sys_choice>
</record_update>
