<?xml version="1.0" encoding="UTF-8"?>
<record_update sys_domain="global" table="sys_script">
    <sys_script action="INSERT_OR_UPDATE">
        <abort_action>false</abort_action>
        <access>package_private</access>
        <action_delete>false</action_delete>
        <action_insert>false</action_insert>
        <action_query>false</action_query>
        <action_update>true</action_update>
        <active>true</active>
        <add_message>false</add_message>
        <advanced>true</advanced>
        <change_fields>false</change_fields>
        <client_callable>false</client_callable>
        <collection>x_mscdx_demand_demand_task</collection>
        <condition/>
        <description/>
        <execute_function>false</execute_function>
        <filter_condition table="x_mscdx_demand_demand_task">stateCHANGESTO3^u_demand_task_type=solution^EQ<item endquery="false" field="state" goto="false" newquery="false" operator="CHANGESTO" or="false" value="3"/>
            <item endquery="false" field="u_demand_task_type" goto="false" newquery="false" operator="=" or="false" value="solution"/>
            <item endquery="true" field="" goto="false" newquery="false" operator="=" or="false" value=""/>
        </filter_condition>
        <is_rest>false</is_rest>
        <message/>
        <name>(FRU) Update solution design in parent</name>
        <order>100</order>
        <priority>100</priority>
        <rest_method/>
        <rest_method_text/>
        <rest_service/>
        <rest_service_text/>
        <rest_variables/>
        <role_conditions/>
        <script><![CDATA[(function executeRule(current, previous /*null when async*/) {
  try {
    
	  /*
	   * Set the Solution design, Estimated developemnt and Complexity with values
	   * from the current object.
	   *
	   */
	  var demand = new GlideRecord('x_mscdx_demand_demand');
	  demand.get(current.parent.sys_id);
	  
	  demand.setValue('u_solution_design',current.description);
	  demand.setValue('u_estimated_development',current.u_estimated_development);
	  demand.setValue('u_complexity',current.u_complexity);
	  demand.update();
	  
	  
	  
  } catch(exception) {
    // Specify the name of the Business Rule in the log message
    var logger = new aspDebug();
    logger.log("Error in the Business Rule {0}: {1}", '(FRU) Update solution design in parent', exception);
  } 
})(current, previous);]]></script>
        <sys_class_name>sys_script</sys_class_name>
        <sys_created_by>L18954</sys_created_by>
        <sys_created_on>2019-02-22 11:10:55</sys_created_on>
        <sys_customer_update>false</sys_customer_update>
        <sys_domain>global</sys_domain>
        <sys_domain_path>/</sys_domain_path>
        <sys_id>07a1ce91db732b003d67ff361d961908</sys_id>
        <sys_mod_count>5</sys_mod_count>
        <sys_name>(FRU) Update solution design in parent</sys_name>
        <sys_overrides/>
        <sys_package display_value="Demand" source="x_mscdx_demand">ae8094b3db6be700144cfbc61d9619fa</sys_package>
        <sys_policy/>
        <sys_replace_on_upgrade>false</sys_replace_on_upgrade>
        <sys_scope display_value="Demand">ae8094b3db6be700144cfbc61d9619fa</sys_scope>
        <sys_update_name>sys_script_07a1ce91db732b003d67ff361d961908</sys_update_name>
        <sys_updated_by>L18954</sys_updated_by>
        <sys_updated_on>2019-02-27 13:13:05</sys_updated_on>
        <template/>
        <when>after</when>
    </sys_script>
    <sys_translated_text action="delete_multiple" query="documentkey=07a1ce91db732b003d67ff361d961908"/>
</record_update>
