<?xml version="1.0" encoding="UTF-8"?>
<record_update sys_domain="global" table="sys_embedded_tour_element">
    <sys_embedded_tour_element action="INSERT_OR_UPDATE">
        <cell_edit/>
        <cell_types/>
        <col/>
        <cxs_results/>
        <element_type>other</element_type>
        <field/>
        <field_action/>
        <field_header/>
        <filters/>
        <form_buttons>additional_actions</form_buttons>
        <form_element>field</form_element>
        <form_section/>
        <frameset>nav_filter</frameset>
        <list_element>ui_action</list_element>
        <list_header/>
        <manual_css>div.container-fluid.wizard-container:nth-of-type(3)</manual_css>
        <name>a7d1a406dbfb6b003d67ff361d9619bc.1.xpath</name>
        <record_id/>
        <related_field/>
        <related_links/>
        <related_list_element>ui_action</related_list_element>
        <related_lists/>
        <related_table/>
        <row/>
        <sys_class_name>sys_embedded_tour_element</sys_class_name>
        <sys_created_by>L18954</sys_created_by>
        <sys_created_on>2019-02-24 12:29:27</sys_created_on>
        <sys_customer_update>false</sys_customer_update>
        <sys_domain>global</sys_domain>
        <sys_id>dae6ec86dbfb6b003d67ff361d9619f3</sys_id>
        <sys_mod_count>0</sys_mod_count>
        <sys_name>a7d1a406dbfb6b003d67ff361d9619bc.1.xpath</sys_name>
        <sys_overrides/>
        <sys_package display_value="Demand" source="x_mscdx_demand">ae8094b3db6be700144cfbc61d9619fa</sys_package>
        <sys_policy/>
        <sys_replace_on_upgrade>false</sys_replace_on_upgrade>
        <sys_scope display_value="Demand">ae8094b3db6be700144cfbc61d9619fa</sys_scope>
        <sys_update_name>sys_embedded_tour_element_dae6ec86dbfb6b003d67ff361d9619f3</sys_update_name>
        <sys_updated_by>L18954</sys_updated_by>
        <sys_updated_on>2019-02-24 12:29:27</sys_updated_on>
        <table/>
        <type>manual_css</type>
        <ui_action/>
    </sys_embedded_tour_element>
</record_update>
