<?xml version="1.0" encoding="UTF-8"?>
<record_update>
    <sys_choice action="INSERT_OR_UPDATE" field="state" table="x_mscdx_demand_demand_task" version="3">
        <sys_choice action="INSERT_OR_UPDATE">
            <dependent_value/>
            <element>state</element>
            <hint/>
            <inactive>false</inactive>
            <label>Open</label>
            <language>en</language>
            <name>x_mscdx_demand_demand_task</name>
            <sequence>0</sequence>
            <sys_created_by>L18954</sys_created_by>
            <sys_created_on>2019-02-22 11:44:13</sys_created_on>
            <sys_domain>global</sys_domain>
            <sys_domain_path>/</sys_domain_path>
            <sys_id>04690ed5db732b003d67ff361d96193b</sys_id>
            <sys_mod_count>0</sys_mod_count>
            <sys_updated_by>L18954</sys_updated_by>
            <sys_updated_on>2019-02-22 11:44:13</sys_updated_on>
            <value>1</value>
        </sys_choice>
        <sys_choice action="INSERT_OR_UPDATE">
            <dependent_value/>
            <element>state</element>
            <hint/>
            <inactive>false</inactive>
            <label>In progress</label>
            <language>en</language>
            <name>x_mscdx_demand_demand_task</name>
            <sequence>1</sequence>
            <sys_created_by>L18954</sys_created_by>
            <sys_created_on>2019-02-22 11:44:13</sys_created_on>
            <sys_domain>global</sys_domain>
            <sys_domain_path>/</sys_domain_path>
            <sys_id>d8690ed5db732b003d67ff361d96193d</sys_id>
            <sys_mod_count>0</sys_mod_count>
            <sys_updated_by>L18954</sys_updated_by>
            <sys_updated_on>2019-02-22 11:44:13</sys_updated_on>
            <value>2</value>
        </sys_choice>
        <sys_choice action="INSERT_OR_UPDATE">
            <dependent_value/>
            <element>state</element>
            <hint/>
            <inactive>false</inactive>
            <label>Closed Complete</label>
            <language>en</language>
            <name>x_mscdx_demand_demand_task</name>
            <sequence>2</sequence>
            <sys_created_by>L18954</sys_created_by>
            <sys_created_on>2019-02-22 11:44:13</sys_created_on>
            <sys_domain>global</sys_domain>
            <sys_domain_path>/</sys_domain_path>
            <sys_id>1c690ed5db732b003d67ff361d96193f</sys_id>
            <sys_mod_count>0</sys_mod_count>
            <sys_updated_by>L18954</sys_updated_by>
            <sys_updated_on>2019-02-22 11:44:13</sys_updated_on>
            <value>3</value>
        </sys_choice>
        <sys_choice_set action="INSERT_OR_UPDATE">
            <element>state</element>
            <name>x_mscdx_demand_demand_task</name>
            <sys_class_name>sys_choice_set</sys_class_name>
            <sys_created_by>L18954</sys_created_by>
            <sys_created_on>2019-02-22 11:44:13</sys_created_on>
            <sys_customer_update>false</sys_customer_update>
            <sys_id>94690ed5db732b003d67ff361d96193d</sys_id>
            <sys_mod_count>0</sys_mod_count>
            <sys_name>state</sys_name>
            <sys_package display_value="Demand" source="x_mscdx_demand">ae8094b3db6be700144cfbc61d9619fa</sys_package>
            <sys_policy/>
            <sys_replace_on_upgrade>false</sys_replace_on_upgrade>
            <sys_scope display_value="Demand">ae8094b3db6be700144cfbc61d9619fa</sys_scope>
            <sys_update_name>sys_choice_x_mscdx_demand_demand_task_state</sys_update_name>
            <sys_updated_by>L18954</sys_updated_by>
            <sys_updated_on>2019-02-22 11:44:13</sys_updated_on>
        </sys_choice_set>
    </sys_choice>
</record_update>
