<?xml version="1.0" encoding="UTF-8"?>
<record_update table="sys_atf_step">
    <sys_atf_step action="INSERT_OR_UPDATE">
        <active>true</active>
        <description>Open a new 'Demand' form</description>
        <display_name>Open a New Form</display_name>
        <inputs/>
        <order>1</order>
        <step_config display_value="Open a New Form">05317cd10b10220050192f15d6673af8</step_config>
        <sys_class_name>sys_atf_step</sys_class_name>
        <sys_created_by>L18954</sys_created_by>
        <sys_created_on>2019-02-23 08:12:05</sys_created_on>
        <sys_customer_update>false</sys_customer_update>
        <sys_id>e352aae5db3f2b003d67ff361d9619f2</sys_id>
        <sys_mod_count>2</sys_mod_count>
        <sys_name>Open a New Form</sys_name>
        <sys_package display_value="Demand" source="x_mscdx_demand">ae8094b3db6be700144cfbc61d9619fa</sys_package>
        <sys_policy/>
        <sys_replace_on_upgrade>false</sys_replace_on_upgrade>
        <sys_scope display_value="Demand">ae8094b3db6be700144cfbc61d9619fa</sys_scope>
        <sys_update_name>sys_atf_step_e352aae5db3f2b003d67ff361d9619f2</sys_update_name>
        <sys_updated_by>L18954</sys_updated_by>
        <sys_updated_on>2019-02-23 08:25:10</sys_updated_on>
        <table>x_mscdx_demand_demand</table>
        <test display_value="Demand Lifecycle Test">59df9e2ddbfb2b003d67ff361d9619b4</test>
        <timeout/>
    </sys_atf_step>
    <sys_variable_value action="delete_multiple" query="document_key=e352aae5db3f2b003d67ff361d9619f2"/>
    <sys_variable_value action="INSERT_OR_UPDATE">
        <document>sys_atf_step</document>
        <document_key>e352aae5db3f2b003d67ff361d9619f2</document_key>
        <order>100</order>
        <sys_class_name>sys_variable_value</sys_class_name>
        <sys_created_by>L18954</sys_created_by>
        <sys_created_on>2019-02-23 08:12:05</sys_created_on>
        <sys_id>6a62e265db3f2b003d67ff361d9619a7</sys_id>
        <sys_mod_count>0</sys_mod_count>
        <sys_updated_by>L18954</sys_updated_by>
        <sys_updated_on>2019-02-23 08:12:05</sys_updated_on>
        <value>x_mscdx_demand_demand</value>
        <variable display_value="">bb84ed825320220002c6435723dc3400</variable>
    </sys_variable_value>
    <sys_variable_value action="INSERT_OR_UPDATE">
        <document>sys_atf_step</document>
        <document_key>e352aae5db3f2b003d67ff361d9619f2</document_key>
        <order>200</order>
        <sys_class_name>sys_variable_value</sys_class_name>
        <sys_created_by>L18954</sys_created_by>
        <sys_created_on>2019-02-23 08:12:05</sys_created_on>
        <sys_id>a662e265db3f2b003d67ff361d9619a7</sys_id>
        <sys_mod_count>2</sys_mod_count>
        <sys_updated_by>L18954</sys_updated_by>
        <sys_updated_on>2019-02-23 08:25:10</sys_updated_on>
        <value/>
        <variable display_value="">27d4e1c25320220002c6435723dc3486</variable>
    </sys_variable_value>
</record_update>
