<?xml version="1.0" encoding="UTF-8"?>
<record_update table="sys_atf_step">
    <sys_atf_step action="INSERT_OR_UPDATE">
        <active>true</active>
        <description>Submit the current form and confirm form submitted to server</description>
        <display_name>Submit a Form</display_name>
        <inputs/>
        <order>3</order>
        <step_config display_value="Submit a Form">be8e0a935332120028bc29cac2dc34e4</step_config>
        <sys_class_name>sys_atf_step</sys_class_name>
        <sys_created_by>L18954</sys_created_by>
        <sys_created_on>2019-02-23 08:15:37</sys_created_on>
        <sys_customer_update>false</sys_customer_update>
        <sys_id>11336265db3f2b003d67ff361d96197c</sys_id>
        <sys_mod_count>0</sys_mod_count>
        <sys_name>Submit a Form</sys_name>
        <sys_package display_value="Demand" source="x_mscdx_demand">ae8094b3db6be700144cfbc61d9619fa</sys_package>
        <sys_policy/>
        <sys_replace_on_upgrade>false</sys_replace_on_upgrade>
        <sys_scope display_value="Demand">ae8094b3db6be700144cfbc61d9619fa</sys_scope>
        <sys_update_name>sys_atf_step_11336265db3f2b003d67ff361d96197c</sys_update_name>
        <sys_updated_by>L18954</sys_updated_by>
        <sys_updated_on>2019-02-23 08:15:37</sys_updated_on>
        <table/>
        <test display_value="Demand Lifecycle Test">59df9e2ddbfb2b003d67ff361d9619b4</test>
        <timeout/>
    </sys_atf_step>
    <sys_variable_value action="delete_multiple" query="document_key=11336265db3f2b003d67ff361d96197c"/>
    <sys_variable_value action="INSERT_OR_UPDATE">
        <document>sys_atf_step</document>
        <document_key>11336265db3f2b003d67ff361d96197c</document_key>
        <order>100</order>
        <sys_class_name>sys_variable_value</sys_class_name>
        <sys_created_by>L18954</sys_created_by>
        <sys_created_on>2019-02-23 08:15:37</sys_created_on>
        <sys_id>9633a629db3f2b003d67ff361d96196c</sys_id>
        <sys_mod_count>0</sys_mod_count>
        <sys_updated_by>L18954</sys_updated_by>
        <sys_updated_on>2019-02-23 08:15:37</sys_updated_on>
        <value>form_submitted_to_server</value>
        <variable display_value="">c796d40497302200abe4bb7503ac4ad8</variable>
    </sys_variable_value>
</record_update>
