<?xml version="1.0" encoding="UTF-8"?>
<database>
    <element audit="true" extends="task" label="Demand" max_length="40" name="x_mscdx_demand_demand" sizeclass="67" type="collection">
        <element choice="1" label="Demand type" mandatory="true" max_length="40" name="demand_type" type="choice">
            <choice>
                <element label="New functionality" sequence="0" value="New functionality"/>
                <element label="New funcionality" sequence="100" value="new"/>
                <element label="Enhancement" sequence="200" value="enhancement"/>
                <element label="Correction" sequence="300" value="correction"/>
                <element label="Bug fix" sequence="400" value="bug"/>
            </choice>
        </element>
        <element choice="1" label="Affected module" mandatory="true" max_length="40" name="u_affected_module" type="choice">
            <choice>
                <element label="Knowledge" sequence="0" value="Knowledge"/>
                <element label="Case Exchange" sequence="100" value="case_exchange"/>
                <element label="Change" sequence="200" value="change"/>
                <element label="CMDB" sequence="300" value="cmdb"/>
                <element label="Incident" sequence="400" value="incident"/>
                <element label="Problem" sequence="500" value="problem"/>
                <element label="Report" sequence="600" value="report"/>
                <element label="Request" sequence="700" value="request"/>
                <element label="Request Catalog" sequence="800" value="request_catalog"/>
                <element label="Service Portal" sequence="900" value="service_portal"/>
                <element label="EAM" sequence="1000" value="eam"/>
                <element label="UPM-X/Designer" sequence="1100" value="upmx_designer"/>
                <element label="Other" sequence="2000" value="other"/>
            </choice>
        </element>
        <element label="Approver" max_length="32" name="u_approver" reference="sys_user" type="reference"/>
        <element label="Business Justification" mandatory="true" max_length="4000" name="u_business_justification" type="string"/>
        <element choice="1" label="Complexity" max_length="40" name="u_complexity" type="choice">
            <choice>
                <element label="Low" sequence="100" value="low"/>
                <element label="Medium" sequence="200" value="medium"/>
                <element label="High" sequence="300" value="high"/>
            </choice>
        </element>
        <element choice="1" label="Estimated development" max_length="40" name="u_estimated_development" type="choice">
            <choice>
                <element label="Less than 2 hours" sequence="100" value="xs"/>
                <element label="Less than 1 day" sequence="200" value="s"/>
                <element label="1 - 2 days" sequence="300" value="m"/>
                <element label="3 - 5 days" sequence="400" value="l"/>
                <element label="6 - 10 days" sequence="500" value="xl"/>
                <element label="More than 10 days" sequence="600" value="xxl"/>
            </choice>
        </element>
        <element choice="1" label="Risk if not implemented" max_length="40" name="u_no_implement_risk" type="choice">
            <choice>
                <element label="No risk" sequence="100" value="no_risk"/>
                <element label="Low" sequence="200" value="low"/>
                <element label="Medium" sequence="300" value="medium"/>
                <element label="High" sequence="400" value="high"/>
            </choice>
        </element>
        <element attributes=" ref_contributions=x_mscdx_demand_createNewProject,ref_auto_completer=AJAXTableCompleter,ref_ac_columns=u_project_name" label="Project id" max_length="32" name="u_project_id" reference="x_mscdx_demand_projects" type="reference"/>
        <element label="Project manager" max_length="32" name="u_project_manager" read_only="true" reference="sys_user" type="reference"/>
        <element label="Project name" max_length="100" name="u_project_name" read_only="true" type="string"/>
        <element label="Project related" max_length="40" name="u_project_related" type="boolean"/>
        <element label="Requested for" mandatory="true" max_length="32" name="u_requested_for" reference="sys_user" type="reference"/>
        <element label="Draft solution design" max_length="4000" name="u_solution_design" type="string"/>
        <element default="new" label="Stage" max_length="80" name="u_stage" type="workflow"/>
    </element>
</database>
